CODIGO_RECEITA;ESPECIFICACAO;VR_ORC_FONTE;FONTE_RECURSO;CO;VR_ARREC_MES_FONTE;VR_ARREC_ATE_MES_FONTE;VR_ORC;VR_ARREC_MES;VR_ARREC_ATE_MES;VR_DIFERENCA
1000000000;Receitas Correntes;0,00;;;0,00;0,00;3.075.757.862,00;411.577.055,99;411.577.055,99;2.664.180.806,01
1100000000;Impostos, Taxas e Contribuições de Melhoria;0,00;;;0,00;0,00;1.086.861.800,00;179.312.297,55;179.312.297,55;907.549.502,45
1110000000;Impostos;0,00;;;0,00;0,00;1.014.184.556,00;148.328.311,08;148.328.311,08;865.856.244,92
1112000000;Impostos sobre o Patrimônio;0,00;;;0,00;0,00;571.033.445,00;105.831.771,41;105.831.771,41;465.201.673,59
1112500000;Imposto sobre a Propriedade Predial e Territorial Urbana;0,00;;;0,00;0,00;477.303.599,00;99.430.847,29;99.430.847,29;377.872.751,71
1112500100;Imposto sobre a Propriedade Predial e Territorial Urbana - Principal - 47,56%;194.042.526,64;01500000;;41.756.212,79;41.756.212,79;407.995.220,00;87.796.915,02;87.796.915,02;152.286.313,85
1112500100;Imposto sobre a Propriedade Predial e Territorial Urbana - Principal - 25,00%;101.998.805,00;01500701;1001;21.949.228,75;21.949.228,75;407.995.220,00;87.796.915,02;87.796.915,02;80.049.576,25
1112500100;Imposto sobre a Propriedade Predial e Territorial Urbana - Principal - 27,44%;111.953.888,37;01500702;1002;24.091.473,48;24.091.473,48;407.995.220,00;87.796.915,02;87.796.915,02;87.862.414,89
1112500200;Imposto sobre a Propriedade Predial e Territorial Urbana - Multas e Juros - 47,56%;2.994.837,04;01500000;;2.812.127,08;2.812.127,08;6.296.966,00;5.912.798,73;5.912.798,73;182.709,96
1112500200;Imposto sobre a Propriedade Predial e Territorial Urbana - Multas e Juros - 25,00%;1.574.241,50;01500701;1001;1.478.199,68;1.478.199,68;6.296.966,00;5.912.798,73;5.912.798,73;96.041,82
1112500200;Imposto sobre a Propriedade Predial e Territorial Urbana - Multas e Juros - 27,44%;1.727.887,47;01500702;1002;1.622.471,97;1.622.471,97;6.296.966,00;5.912.798,73;5.912.798,73;105.415,50
1112500300;Imposto sobre a Propriedade Predial e Territorial Urbana - Dívida Ativa - 47,56%;25.314.940,51;01500000;;2.004.256,05;2.004.256,05;53.227.377,00;4.214.163,25;4.214.163,25;23.310.684,46
1112500300;Imposto sobre a Propriedade Predial e Territorial Urbana - Dívida Ativa - 25,00%;13.306.844,25;01500701;1001;1.053.540,81;1.053.540,81;53.227.377,00;4.214.163,25;4.214.163,25;12.253.303,44
1112500300;Imposto sobre a Propriedade Predial e Territorial Urbana - Dívida Ativa - 27,44%;14.605.592,25;01500702;1002;1.156.366,39;1.156.366,39;53.227.377,00;4.214.163,25;4.214.163,25;13.449.225,86
1112500400;Imposto sobre a Propriedade Predial e Territorial Urbana - Dívida Ativa - Multas e Juros - 47,56%;4.653.287,53;01500000;;716.715,08;716.715,08;9.784.036,00;1.506.970,29;1.506.970,29;3.936.572,45
1112500400;Imposto sobre a Propriedade Predial e Territorial Urbana - Dívida Ativa - Multas e Juros - 25,00%;2.446.009,00;01500701;1001;376.742,57;376.742,57;9.784.036,00;1.506.970,29;1.506.970,29;2.069.266,43
1112500400;Imposto sobre a Propriedade Predial e Territorial Urbana - Dívida Ativa - Multas e Juros - 27,44%;2.684.739,48;01500702;1002;413.512,64;413.512,64;9.784.036,00;1.506.970,29;1.506.970,29;2.271.226,84
1112530000;Impostos sobre Transmissão "Inter Vivos" de Bens Imóveis e de Direitos Reais sobre Imóveis;0,00;;;0,00;0,00;93.729.846,00;6.400.924,12;6.400.924,12;87.328.921,88
1112530100;Impostos sobre Transmissão "Inter Vivos" de Bens Imóveis e de Direitos Reais sobre Imóveis - Principal - 47,56%;44.223.685,03;01500000;;3.022.215,48;3.022.215,48;92.985.040,00;6.354.532,11;6.354.532,11;41.201.469,55
1112530100;Impostos sobre Transmissão "Inter Vivos" de Bens Imóveis e de Direitos Reais sobre Imóveis - Principal - 25,00%;23.246.260,00;01500701;1001;1.588.633,02;1.588.633,02;92.985.040,00;6.354.532,11;6.354.532,11;21.657.626,98
1112530100;Impostos sobre Transmissão "Inter Vivos" de Bens Imóveis e de Direitos Reais sobre Imóveis - Principal - 27,44%;25.515.094,98;01500702;1002;1.743.683,61;1.743.683,61;92.985.040,00;6.354.532,11;6.354.532,11;23.771.411,37
1112530200;Imposto sobre Transmissão "Inter Vivos" de Bens Imóveis e de Direitos Reais sobre Imóveis - Multas e Juros - 47,56%;354.229,74;01500000;;8.938,61;8.938,61;744.806,00;18.794,37;18.794,37;345.291,13
1112530200;Imposto sobre Transmissão "Inter Vivos" de Bens Imóveis e de Direitos Reais sobre Imóveis - Multas e Juros - 25,00%;186.201,50;01500701;1001;4.698,59;4.698,59;744.806,00;18.794,37;18.794,37;181.502,91
1112530200;Imposto sobre Transmissão "Inter Vivos" de Bens Imóveis e de Direitos Reais sobre Imóveis - Multas e Juros - 27,44%;204.374,77;01500702;1002;5.157,17;5.157,17;744.806,00;18.794,37;18.794,37;199.217,60
1112530300;Imposto sobre Transmissão "Inter Vivos" de Bens Imóveis e de Direitos Reais sobre Imóveis - Dívida Ativa - 100,00%;0,00;01500000;;10.157,78;10.157,78;0,00;10.157,78;10.157,78;-10.157,78
1112530400;Imposto sobre Transmissão "Inter Vivos" de Bens Imóveis e de Direitos Reais sobre Imóveis -Dívida Ativa - Multas e Juros - 100,00%;0,00;01500000;;17.439,86;17.439,86;0,00;17.439,86;17.439,86;-17.439,86
1113000000;Impostos sobre a Renda e Proventos de Qualquer Natureza;0,00;;;0,00;0,00;140.500.456,00;12.787.815,44;12.787.815,44;127.712.640,56
1113030000;Imposto sobre a Renda - Retido na Fonte;0,00;;;0,00;0,00;140.500.456,00;12.787.815,44;12.787.815,44;127.712.640,56
1113031100;Imposto sobre a Renda - Retido na Fonte - Trabalho - Principal - 47,56%;60.577.376,04;01500000;;6.002.534,14;6.002.534,14;127.370.429,00;10.583.198,87;10.583.198,87;54.574.841,90
1113031100;Imposto sobre a Renda - Retido na Fonte - Trabalho - Principal - 25,00%;31.842.607,25;01500701;1001;2.183.764,63;2.183.764,63;127.370.429,00;10.583.198,87;10.583.198,87;29.658.842,62
1113031100;Imposto sobre a Renda - Retido na Fonte - Trabalho - Principal - 27,44%;34.950.445,72;01500702;1002;2.396.900,10;2.396.900,10;127.370.429,00;10.583.198,87;10.583.198,87;32.553.545,62
1113034100;Imposto sobre a Renda - Retido na Fonte - Outros Rendimentos - Principal - 47,56%;6.244.640,85;01500000;;1.286.202,74;1.286.202,74;13.130.027,00;2.204.616,57;2.204.616,57;4.958.438,11
1113034100;Imposto sobre a Renda - Retido na Fonte - Outros Rendimentos - Principal - 25,00%;3.282.506,75;01500701;1001;437.840,32;437.840,32;13.130.027,00;2.204.616,57;2.204.616,57;2.844.666,43
1113034100;Imposto sobre a Renda - Retido na Fonte - Outros Rendimentos - Principal - 27,44%;3.602.879,41;01500702;1002;480.573,51;480.573,51;13.130.027,00;2.204.616,57;2.204.616,57;3.122.305,90
1114000000;Impostos sobre a Produção e Circulação de Mercadorias e Serviços;0,00;;;0,00;0,00;302.650.655,00;29.708.724,23;29.708.724,23;272.941.930,77
1114510000;Impostos sobre Serviços;0,00;;;0,00;0,00;302.650.655,00;29.708.724,23;29.708.724,23;272.941.930,77
1114511100;Imposto sobre Serviços de Qualquer Natureza - ISSQN - Principal - 47,56%;140.125.523,87;01500000;;13.803.508,41;13.803.508,41;294.628.940,00;28.872.334,09;28.872.334,09;126.322.015,46
1114511100;Imposto sobre Serviços de Qualquer Natureza - ISSQN - Principal - 25,00%;73.657.235,00;01500701;1001;7.183.841,38;7.183.841,38;294.628.940,00;28.872.334,09;28.872.334,09;66.473.393,62
1114511100;Imposto sobre Serviços de Qualquer Natureza - ISSQN - Principal - 27,44%;80.846.181,14;01500702;1002;7.884.984,30;7.884.984,30;294.628.940,00;28.872.334,09;28.872.334,09;72.961.196,84
1114511200;Imposto sobre Serviços de Qualquer Natureza - ISSQN - Multas e Juros - 47,56%;1.468.733,19;01500000;;150.099,62;150.099,62;3.088.169,00;315.600,53;315.600,53;1.318.633,57
1114511200;Imposto sobre Serviços de Qualquer Natureza - ISSQN - Multas e Juros - 25,00%;772.042,25;01500701;1001;78.900,13;78.900,13;3.088.169,00;315.600,53;315.600,53;693.142,12
1114511200;Imposto sobre Serviços de Qualquer Natureza - ISSQN - Multas e Juros - 27,44%;847.393,57;01500702;1002;86.600,78;86.600,78;3.088.169,00;315.600,53;315.600,53;760.792,79
1114511300;Imposto sobre Serviços de Qualquer Natureza - ISSQN - Dívida Ativa - 47,56%;1.648.030,11;01500000;;165.079,30;165.079,30;3.465.160,00;347.096,91;347.096,91;1.482.950,81
1114511300;Imposto sobre Serviços de Qualquer Natureza - ISSQN - Dívida Ativa - 25,00%;866.290,00;01500701;1001;86.774,22;86.774,22;3.465.160,00;347.096,91;347.096,91;779.515,78
1114511300;Imposto sobre Serviços de Qualquer Natureza - ISSQN - Dívida Ativa - 27,44%;950.839,90;01500702;1002;95.243,39;95.243,39;3.465.160,00;347.096,91;347.096,91;855.596,51
1114511400;Imposto sobre Serviços de Qualquer Natureza - ISSQN - Dívida Ativa - Multas e Juros - 47,56%;698.364,39;01500000;;82.608,26;82.608,26;1.468.386,00;173.692,70;173.692,70;615.756,13
1114511400;Imposto sobre Serviços de Qualquer Natureza - ISSQN - Dívida Ativa - Multas e Juros - 25,00%;367.096,50;01500701;1001;43.423,17;43.423,17;1.468.386,00;173.692,70;173.692,70;323.673,33
1114511400;Imposto sobre Serviços de Qualquer Natureza - ISSQN - Dívida Ativa - Multas e Juros - 27,44%;402.925,12;01500702;1002;47.661,27;47.661,27;1.468.386,00;173.692,70;173.692,70;355.263,85
1120000000;Taxas;0,00;;;0,00;0,00;72.677.244,00;30.983.986,47;30.983.986,47;41.693.257,53
1121000000;Taxas pelo Exercício do Poder de Polícia;0,00;;;0,00;0,00;28.985.240,00;2.192.488,14;2.192.488,14;26.792.751,86
1121010100;Taxas de Inspeção, Controle e Fiscalização - Principal - 100,00%;16.896.796,00;01501000;;882.518,13;882.518,13;16.896.796,00;882.518,13;882.518,13;16.014.277,87
1121010200;Taxas de Inspeção, Controle e Fiscalização - Multas e Juros - 100,00%;509.251,00;01501000;;136.807,94;136.807,94;509.251,00;136.807,94;136.807,94;372.443,06
1121010300;Taxas de Inspeção, Controle e Fiscalização - Dívida Ativa - 100,00%;3.430.051,00;01501000;;489.580,39;489.580,39;3.430.051,00;489.580,39;489.580,39;2.940.470,61
1121010400;Taxas de Inspeção, Controle e Fiscalização - Dívida Ativa - Multas e Juros - 100,00%;1.120.004,00;01501000;;184.810,11;184.810,11;1.120.004,00;184.810,11;184.810,11;935.193,89
1121500000;Taxa de Fiscalização de Vigilância Sanitária;0,00;;;0,00;0,00;7.029.138,00;498.771,57;498.771,57;6.530.366,43
1121500100;Taxa de Fiscalização de Vigilância Sanitária - Principal - 100,00%;5.532.771,00;01501000;;312.167,80;312.167,80;5.532.771,00;312.167,80;312.167,80;5.220.603,20
1121500200;Taxa de Fiscalização de Vigilância Sanitária - Multas e Juros - 100,00%;159.998,00;01501000;;40.319,05;40.319,05;159.998,00;40.319,05;40.319,05;119.678,95
1121500300;Taxa de Fiscalização de Vigilância Sanitária - Dívida Ativa - 100,00%;1.039.506,00;01501000;;108.631,19;108.631,19;1.039.506,00;108.631,19;108.631,19;930.874,81
1121500400;Taxa de Fiscalização de Vigilância Sanitária - Dívida Ativa - Multas e Juros - 100,00%;296.863,00;01501000;;37.653,53;37.653,53;296.863,00;37.653,53;37.653,53;259.209,47
1122000000;Taxas pela Prestação de Serviços;0,00;;;0,00;0,00;43.692.004,00;28.791.498,33;28.791.498,33;14.900.505,67
1122010000;Taxas pela Prestação de Serviços em Geral;0,00;;;0,00;0,00;1.101.430,00;0,00;0,00;1.101.430,00
1122010100;Taxas pela Prestação de Serviços em Geral - Principal - 100,00%;872.592,00;01501000;;0,00;0,00;872.592,00;0,00;0,00;872.592,00
1122010200;Taxas pela Prestação de Serviços em Geral - Multas e Juros - 100,00%;29.518,00;01501000;;0,00;0,00;29.518,00;0,00;0,00;29.518,00
1122010300;Taxas pela Prestação de Serviços em Geral- Dívida Ativa - 100,00%;127.118,00;01501000;;0,00;0,00;127.118,00;0,00;0,00;127.118,00
1122010400;Taxas pela Prestação de Serviços em Geral - Dívida Ativa - Multas e Juros - 100,00%;72.202,00;01501000;;0,00;0,00;72.202,00;0,00;0,00;72.202,00
1122530000;Taxa pela Prestação de Serviços de Limpeza Pública e Manejo de Resíduos Sólidos;0,00;;;0,00;0,00;42.590.574,00;28.791.498,33;28.791.498,33;13.799.075,67
1122530100;Taxa pela Prestação de Serviços de Limpeza Pública e Manejo de Resíduos Sólidos - Principal - 100,00%;35.906.725,00;21753000;;28.192.056,20;28.192.056,20;35.906.725,00;28.192.056,20;28.192.056,20;7.714.668,80
1122530200;Taxa pela Prestação de Serviços de Limpeza Pública e Manejo de Resíduos Sólidos - Multas e Juros - 100,00%;922.415,00;21753000;;65.984,84;65.984,84;922.415,00;65.984,84;65.984,84;856.430,16
1122530300;Taxa pela Prestação de Serviços de Limpeza Pública e Manejo de Resíduos Sólidos - Dívida Ativa - 100,00%;4.644.626,00;21753000;;371.566,58;371.566,58;4.644.626,00;371.566,58;371.566,58;4.273.059,42
1122530400;Taxa pela Prestação de Serviços de Limpeza Pública e Manejo de Resíduos Sólidos - Dívida Ativa - Multas e Juros - 100,00%;1.116.808,00;21753000;;161.890,71;161.890,71;1.116.808,00;161.890,71;161.890,71;954.917,29
1200000000;Contribuições;0,00;;;0,00;0,00;154.171.796,00;7.166.784,69;7.166.784,69;147.005.011,31
1210000000;Contribuições Sociais;0,00;;;0,00;0,00;87.053.000,00;737.035,90;737.035,90;86.315.964,10
1215000000;Contribuições para Regimes Próprios de Previdência e Sistema de Proteção Social;0,00;;;0,00;0,00;87.053.000,00;737.035,90;737.035,90;86.315.964,10
1215010000;Contribuição do Servidor Civil;0,00;;;0,00;0,00;86.161.000,00;688.499,33;688.499,33;85.472.500,67
1215011100;Contribuição do Servidor Civil Ativo - Principal - 31,12%;25.347.862,40;81800811;1111;65.429,87;65.429,87;81.452.000,00;333.841,38;333.841,38;25.282.432,53
1215011100;Contribuição do Servidor Civil Ativo - Principal - 0,46%;374.679,20;81800821;1121;31.694,01;31.694,01;81.452.000,00;333.841,38;333.841,38;342.985,19
1215011100;Contribuição do Servidor Civil Ativo - Principal - 68,13%;55.493.247,60;81801811;2111;219.169,52;219.169,52;81.452.000,00;333.841,38;333.841,38;55.274.078,08
1215011100;Contribuição do Servidor Civil Ativo - Principal - 0,29%;236.210,80;81801821;2121;17.547,98;17.547,98;81.452.000,00;333.841,38;333.841,38;218.662,82
1215012100;Contribuição do Servidor Civil Inativo - Principal - 4,35%;191.008,50;81800811;1111;14.349,00;14.349,00;4.391.000,00;341.951,96;341.951,96;176.659,50
1215012100;Contribuição do Servidor Civil Inativo - Principal - 82,97%;3.643.212,70;81801811;2111;327.602,96;327.602,96;4.391.000,00;341.951,96;341.951,96;3.315.609,74
1215012100;Contribuição do Servidor Civil Inativo - Principal - 12,68%;556.778,80;81801821;2121;0,00;0,00;4.391.000,00;341.951,96;341.951,96;556.778,80
1215013100;Contribuição do Servidor Civil - Pensionistas - Principal - 32,74%;55.003,20;81800811;1111;4.848,70;4.848,70;168.000,00;12.705,99;12.705,99;50.154,50
1215013100;Contribuição do Servidor Civil - Pensionistas - Principal - 7,14%;11.995,20;81800821;1121;0,00;0,00;168.000,00;12.705,99;12.705,99;11.995,20
1215013100;Contribuição do Servidor Civil - Pensionistas - Principal - 59,52%;99.993,60;81801811;2111;7.857,29;7.857,29;168.000,00;12.705,99;12.705,99;92.136,31
1215013100;Contribuição do Servidor Civil - Pensionistas - Principal - 0,60%;1.008,00;81801821;2121;0,00;0,00;168.000,00;12.705,99;12.705,99;1.008,00
1215014100;Contribuição Oriunda de Sentenças Judiciais - Servidor Civil Ativo - Principal - 100,00%;150.000,00;81801811;2111;0,00;0,00;150.000,00;0,00;0,00;150.000,00
1215020000;Contribuição Patronal - Servidor Civil;0,00;;;0,00;0,00;892.000,00;48.536,57;48.536,57;843.463,43
1215021100;Contribuição Patronal - Servidor Civil Ativo - Principal - 48,65%;288.008,00;81800811;1111;23.908,48;23.908,48;592.000,00;48.536,57;48.536,57;264.099,52
1215021100;Contribuição Patronal - Servidor Civil Ativo - Principal - 51,35%;303.992,00;81801811;2111;24.628,09;24.628,09;592.000,00;48.536,57;48.536,57;279.363,91
1215022100;Contribuição Patronal Oriunda de Sentenças Judiciais - Patronal - Servidor Civil Ativo - Principal - 100,00%;300.000,00;81801811;2111;0,00;0,00;300.000,00;0,00;0,00;300.000,00
1240000000;Contribuição para o Custeio do Serviço de Iluminação Pública;0,00;;;0,00;0,00;67.118.796,00;6.429.748,79;6.429.748,79;60.689.047,21
1241000000;Contribuição para o Custeio do Serviço de Iluminação Pública;0,00;;;0,00;0,00;67.118.796,00;6.429.748,79;6.429.748,79;60.689.047,21
1241500000;Contribuição para o Custeio do Serviço de Iluminação Pública;0,00;;;0,00;0,00;67.118.796,00;6.429.748,79;6.429.748,79;60.689.047,21
1241500100;Contribuição para o Custeio do Serviço de Iluminação Pública - Principal - 30,00%;20.135.638,80;01501000;;1.928.660,44;1.928.660,44;67.118.796,00;6.428.868,13;6.428.868,13;18.206.978,36
1241500100;Contribuição para o Custeio do Serviço de Iluminação Pública - Principal - 70,00%;46.983.157,20;21751000;;4.500.207,69;4.500.207,69;67.118.796,00;6.428.868,13;6.428.868,13;42.482.949,51
1241500200;Contribuição para o Custeio do Serviço de Iluminação Pública - Multas e Juros - 30,00%;0,00;01501000;;0,00;0,00;0,00;0,00;0,00;0,00
1241500200;Contribuição para o Custeio do Serviço de Iluminação Pública - Multas e Juros - 70,00%;0,00;21751000;;0,00;0,00;0,00;0,00;0,00;0,00
1241500300;Contribuição para o Custeio do Serviço de Iluminação Pública - Dívida Ativa - 30,00%;0,00;01501000;;119,10;119,10;0,00;397,03;397,03;-119,10
1241500300;Contribuição para o Custeio do Serviço de Iluminação Pública - Dívida Ativa - 70,00%;0,00;21751000;;277,93;277,93;0,00;397,03;397,03;-277,93
1241500400;Contribuição para o Custeio do Serviço de Iluminação Pública - Dívida Ativa - Multas e Juros - 30,00%;0,00;01501000;;145,08;145,08;0,00;483,63;483,63;-145,08
1241500400;Contribuição para o Custeio do Serviço de Iluminação Pública - Dívida Ativa - Multas e Juros - 70,00%;0,00;21751000;;338,55;338,55;0,00;483,63;483,63;-338,55
1300000000;Receita Patrimonial;0,00;;;0,00;0,00;52.375.766,00;9.921.851,79;9.921.851,79;42.453.914,21
1310000000;Exploração do Patrimônio Imobiliário do Estado;0,00;;;0,00;0,00;84.397,00;6.739,15;6.739,15;77.657,85
1311000000;Exploração do Patrimônio Imobiliário do Estado;0,00;;;0,00;0,00;84.397,00;6.739,15;6.739,15;77.657,85
1311020000;Concessão, Permissão, Autorização ou Cessão do Direito de Uso de Bens Imóveis Públicos;0,00;;;0,00;0,00;84.397,00;6.739,15;6.739,15;77.657,85
1311020100;Concessão, Permissão, Autorização ou Cessão do Direito de Uso de Bens Imóveis Públicos - Principal - 100,00%;84.397,00;01501000;;6.739,15;6.739,15;84.397,00;6.739,15;6.739,15;77.657,85
1320000000;Valores Mobiliários;0,00;;;0,00;0,00;52.291.369,00;9.915.112,64;9.915.112,64;42.376.256,36
1321000000;Juros e Correções Monetárias;0,00;;;0,00;0,00;52.291.369,00;9.915.112,64;9.915.112,64;42.376.256,36
1321010000;Remuneração de Depósitos Bancários;0,00;;;0,00;0,00;45.350.369,00;9.090.659,35;9.090.659,35;36.259.709,65
1321010100;Remuneração de Depósitos Bancários - Principal - 88,24%;40.017.165,65;01500000;;2.999.907,86;2.999.907,86;45.350.369,00;9.090.659,35;9.090.659,35;37.017.257,79
1321010100;Remuneração de Depósitos Bancários - Principal - 0,00%;0,00;01500701;1001;50.502,96;50.502,96;45.350.369,00;9.090.659,35;9.090.659,35;-50.502,96
1321010100;Remuneração de Depósitos Bancários - Principal - 0,00%;0,00;01500702;1002;11.115,72;11.115,72;45.350.369,00;9.090.659,35;9.090.659,35;-11.115,72
1321010100;Remuneração de Depósitos Bancários - Principal - 0,31%;140.586,14;01501000;;381.849,80;381.849,80;45.350.369,00;9.090.659,35;9.090.659,35;-241.263,66
1321010100;Remuneração de Depósitos Bancários - Principal - 0,00%;0,00;01755000;;81.516,87;81.516,87;45.350.369,00;9.090.659,35;9.090.659,35;-81.516,87
1321010100;Remuneração de Depósitos Bancários - Principal - 0,00%;0,00;01756000;;2,57;2,57;45.350.369,00;9.090.659,35;9.090.659,35;-2,57
1321010100;Remuneração de Depósitos Bancários - Principal - 0,21%;95.235,77;11501000;;103.844,67;103.844,67;45.350.369,00;9.090.659,35;9.090.659,35;-8.608,90
1321010100;Remuneração de Depósitos Bancários - Principal - 0,00%;0,00;11599003;;2,40;2,40;45.350.369,00;9.090.659,35;9.090.659,35;-2,40
1321010100;Remuneração de Depósitos Bancários - Principal - 8,28%;3.755.010,55;21540770;1070;533.433,16;533.433,16;45.350.369,00;9.090.659,35;9.090.659,35;3.221.577,39
1321010100;Remuneração de Depósitos Bancários - Principal - 0,00%;0,00;21550000;;432.923,57;432.923,57;45.350.369,00;9.090.659,35;9.090.659,35;-432.923,57
1321010100;Remuneração de Depósitos Bancários - Principal - 0,00%;0,00;21551000;;346,61;346,61;45.350.369,00;9.090.659,35;9.090.659,35;-346,61
1321010100;Remuneração de Depósitos Bancários - Principal - 0,00%;0,00;21552000;;5.913,46;5.913,46;45.350.369,00;9.090.659,35;9.090.659,35;-5.913,46
1321010100;Remuneração de Depósitos Bancários - Principal - 0,00%;0,00;21553000;;60,49;60,49;45.350.369,00;9.090.659,35;9.090.659,35;-60,49
1321010100;Remuneração de Depósitos Bancários - Principal - 0,01%;4.535,04;21569000;;30.893,60;30.893,60;45.350.369,00;9.090.659,35;9.090.659,35;-26.358,56
1321010100;Remuneração de Depósitos Bancários - Principal - 0,00%;0,00;21570000;;1.191,50;1.191,50;45.350.369,00;9.090.659,35;9.090.659,35;-1.191,50
1321010100;Remuneração de Depósitos Bancários - Principal - 0,53%;240.356,96;21573000;;25.547,84;25.547,84;45.350.369,00;9.090.659,35;9.090.659,35;214.809,12
1321010100;Remuneração de Depósitos Bancários - Principal - 0,00%;0,00;21600000;;500.476,85;500.476,85;45.350.369,00;9.090.659,35;9.090.659,35;-500.476,85
1321010100;Remuneração de Depósitos Bancários - Principal - 0,00%;0,00;21601000;;63.405,62;63.405,62;45.350.369,00;9.090.659,35;9.090.659,35;-63.405,62
1321010100;Remuneração de Depósitos Bancários - Principal - 0,00%;0,00;21604000;;91.369,88;91.369,88;45.350.369,00;9.090.659,35;9.090.659,35;-91.369,88
1321010100;Remuneração de Depósitos Bancários - Principal - 0,00%;0,00;21605000;;39.568,36;39.568,36;45.350.369,00;9.090.659,35;9.090.659,35;-39.568,36
1321010100;Remuneração de Depósitos Bancários - Principal - 0,00%;0,00;21621000;;482.119,60;482.119,60;45.350.369,00;9.090.659,35;9.090.659,35;-482.119,60
1321010100;Remuneração de Depósitos Bancários - Principal - 0,00%;0,00;21636000;;8.597,98;8.597,98;45.350.369,00;9.090.659,35;9.090.659,35;-8.597,98
1321010100;Remuneração de Depósitos Bancários - Principal - 0,00%;0,00;21659000;;2.423,61;2.423,61;45.350.369,00;9.090.659,35;9.090.659,35;-2.423,61
1321010100;Remuneração de Depósitos Bancários - Principal - 0,00%;0,00;21660000;;28.946,31;28.946,31;45.350.369,00;9.090.659,35;9.090.659,35;-28.946,31
1321010100;Remuneração de Depósitos Bancários - Principal - 0,00%;0,00;21661000;;51.535,00;51.535,00;45.350.369,00;9.090.659,35;9.090.659,35;-51.535,00
1321010100;Remuneração de Depósitos Bancários - Principal - 0,00%;0,00;21665000;;1.820,20;1.820,20;45.350.369,00;9.090.659,35;9.090.659,35;-1.820,20
1321010100;Remuneração de Depósitos Bancários - Principal - 0,00%;0,00;21700000;;66.113,21;66.113,21;45.350.369,00;9.090.659,35;9.090.659,35;-66.113,21
1321010100;Remuneração de Depósitos Bancários - Principal - 0,00%;0,00;21701000;;732.183,85;732.183,85;45.350.369,00;9.090.659,35;9.090.659,35;-732.183,85
1321010100;Remuneração de Depósitos Bancários - Principal - 0,00%;0,00;21703000;;5.957,70;5.957,70;45.350.369,00;9.090.659,35;9.090.659,35;-5.957,70
1321010100;Remuneração de Depósitos Bancários - Principal - 0,00%;0,00;21707000;;0,00;0,00;45.350.369,00;9.090.659,35;9.090.659,35;0,00
1321010100;Remuneração de Depósitos Bancários - Principal - 0,00%;0,00;21708000;;41.350,11;41.350,11;45.350.369,00;9.090.659,35;9.090.659,35;-41.350,11
1321010100;Remuneração de Depósitos Bancários - Principal - 0,00%;0,00;21710010;;110.897,35;110.897,35;45.350.369,00;9.090.659,35;9.090.659,35;-110.897,35
1321010100;Remuneração de Depósitos Bancários - Principal - 0,00%;0,00;21715000;;27.028,05;27.028,05;45.350.369,00;9.090.659,35;9.090.659,35;-27.028,05
1321010100;Remuneração de Depósitos Bancários - Principal - 0,00%;0,00;21716000;;10.948,69;10.948,69;45.350.369,00;9.090.659,35;9.090.659,35;-10.948,69
1321010100;Remuneração de Depósitos Bancários - Principal - 0,00%;0,00;21717000;;0,40;0,40;45.350.369,00;9.090.659,35;9.090.659,35;-0,40
1321010100;Remuneração de Depósitos Bancários - Principal - 0,00%;0,00;21719000;;34.378,47;34.378,47;45.350.369,00;9.090.659,35;9.090.659,35;-34.378,47
1321010100;Remuneração de Depósitos Bancários - Principal - 0,22%;99.770,81;21749000;;328.172,27;328.172,27;45.350.369,00;9.090.659,35;9.090.659,35;-228.401,46
1321010100;Remuneração de Depósitos Bancários - Principal - 0,00%;0,00;21749012;;28,21;28,21;45.350.369,00;9.090.659,35;9.090.659,35;-28,21
1321010100;Remuneração de Depósitos Bancários - Principal - 0,04%;18.140,15;21750000;;2.303,78;2.303,78;45.350.369,00;9.090.659,35;9.090.659,35;15.836,37
1321010100;Remuneração de Depósitos Bancários - Principal - 0,00%;0,00;21751000;;842.751,74;842.751,74;45.350.369,00;9.090.659,35;9.090.659,35;-842.751,74
1321010100;Remuneração de Depósitos Bancários - Principal - 2,16%;979.567,97;21752000;;21.507,29;21.507,29;45.350.369,00;9.090.659,35;9.090.659,35;958.060,68
1321010100;Remuneração de Depósitos Bancários - Principal - 0,00%;0,00;21759005;;230.178,21;230.178,21;45.350.369,00;9.090.659,35;9.090.659,35;-230.178,21
1321010100;Remuneração de Depósitos Bancários - Principal - 0,00%;0,00;21899030;;6.942,03;6.942,03;45.350.369,00;9.090.659,35;9.090.659,35;-6.942,03
1321010100;Remuneração de Depósitos Bancários - Principal - 0,00%;0,00;41754900;;348.060,25;348.060,25;45.350.369,00;9.090.659,35;9.090.659,35;-348.060,25
1321010100;Remuneração de Depósitos Bancários - Principal - 0,00%;0,00;41754901;;165.228,37;165.228,37;45.350.369,00;9.090.659,35;9.090.659,35;-165.228,37
1321010100;Remuneração de Depósitos Bancários - Principal - 0,00%;0,00;51500702;1002;1.265,57;1.265,57;45.350.369,00;9.090.659,35;9.090.659,35;-1.265,57
1321010100;Remuneração de Depósitos Bancários - Principal - 0,00%;0,00;51571710;3210;19.422,95;19.422,95;45.350.369,00;9.090.659,35;9.090.659,35;-19.422,95
1321010100;Remuneração de Depósitos Bancários - Principal - 0,00%;0,00;51600710;3110;0,00;0,00;45.350.369,00;9.090.659,35;9.090.659,35;0,00
1321010100;Remuneração de Depósitos Bancários - Principal - 0,00%;0,00;51621710;3210;30.831,81;30.831,81;45.350.369,00;9.090.659,35;9.090.659,35;-30.831,81
1321010100;Remuneração de Depósitos Bancários - Principal - 0,00%;0,00;51621720;3220;0,00;0,00;45.350.369,00;9.090.659,35;9.090.659,35;0,00
1321010100;Remuneração de Depósitos Bancários - Principal - 0,00%;0,00;51660710;3110;21.434,94;21.434,94;45.350.369,00;9.090.659,35;9.090.659,35;-21.434,94
1321010100;Remuneração de Depósitos Bancários - Principal - 0,00%;0,00;51700710;3110;3.226,46;3.226,46;45.350.369,00;9.090.659,35;9.090.659,35;-3.226,46
1321010100;Remuneração de Depósitos Bancários - Principal - 0,00%;0,00;51700711;7000;445,48;445,48;45.350.369,00;9.090.659,35;9.090.659,35;-445,48
1321010100;Remuneração de Depósitos Bancários - Principal - 0,00%;0,00;51701710;3210;2.799,58;2.799,58;45.350.369,00;9.090.659,35;9.090.659,35;-2.799,58
1321010100;Remuneração de Depósitos Bancários - Principal - 0,00%;0,00;51701721;7001;4.575,97;4.575,97;45.350.369,00;9.090.659,35;9.090.659,35;-4.575,97
1321010100;Remuneração de Depósitos Bancários - Principal - 0,00%;0,00;51706710;3110;15.218,73;15.218,73;45.350.369,00;9.090.659,35;9.090.659,35;-15.218,73
1321010100;Remuneração de Depósitos Bancários - Principal - 0,00%;0,00;51710710;3210;48.154,35;48.154,35;45.350.369,00;9.090.659,35;9.090.659,35;-48.154,35
1321010100;Remuneração de Depósitos Bancários - Principal - 0,00%;0,00;51749710;;39.937,04;39.937,04;45.350.369,00;9.090.659,35;9.090.659,35;-39.937,04
1321040000;Remuneração dos Recursos do Regime Próprio de Previdência Social - RPPS;0,00;;;0,00;0,00;6.941.000,00;824.453,29;824.453,29;6.116.546,71
1321040100;Remuneração dos Recursos do Regime Próprio de Previdência Social - RPPS - Principal - 86,33%;5.992.165,30;81800811;1111;720.296,50;720.296,50;6.941.000,00;824.453,29;824.453,29;5.271.868,80
1321040100;Remuneração dos Recursos do Regime Próprio de Previdência Social - RPPS - Principal - 13,38%;928.705,80;81801811;2111;102.734,84;102.734,84;6.941.000,00;824.453,29;824.453,29;825.970,96
1321040100;Remuneração dos Recursos do Regime Próprio de Previdência Social - RPPS - Principal - 0,29%;20.128,90;81802000;;1.421,95;1.421,95;6.941.000,00;824.453,29;824.453,29;18.706,95
1600000000;Receita de Serviços;0,00;;;0,00;0,00;8.591.428,00;1.714.455,50;1.714.455,50;6.876.972,50
1610000000;Serviços Administrativos e Comerciais Gerais;0,00;;;0,00;0,00;1.767.588,00;1.358.841,98;1.358.841,98;408.746,02
1611000000;Serviços Administrativos e Comerciais Gerais;0,00;;;0,00;0,00;1.767.588,00;1.358.841,98;1.358.841,98;408.746,02
1611010000;Serviços Administrativos e Comerciais Gerais;0,00;;;0,00;0,00;1.572.588,00;1.358.841,98;1.358.841,98;213.746,02
1611010100;Serviços Administrativos e Comerciais Gerais - Principal - 33,51%;524.163,42;01501000;;1.351.187,79;1.351.187,79;1.564.200,00;1.351.187,79;1.351.187,79;-827.024,37
1611010100;Serviços Administrativos e Comerciais Gerais - Principal - 60,10%;940.084,20;11501000;;0,00;0,00;1.564.200,00;1.351.187,79;1.351.187,79;940.084,20
1611010100;Serviços Administrativos e Comerciais Gerais - Principal - 6,39%;99.952,38;11599003;;0,00;0,00;1.564.200,00;1.351.187,79;1.351.187,79;99.952,38
1611010200;Serviços Administrativos e Comerciais Gerais - Multas e Juros - 100,00%;5.242,00;01501000;;1.525,02;1.525,02;5.242,00;1.525,02;1.525,02;3.716,98
1611010300;Serviços Administrativos e Comerciais Gerais - Dívida Ativa - 100,00%;1.049,00;01501000;;6.124,82;6.124,82;1.049,00;6.124,82;6.124,82;-5.075,82
1611010400;Serviços Administrativos e Comerciais Gerais - Dívida Ativa - Multas e Juros - 100,00%;2.097,00;01501000;;4,35;4,35;2.097,00;4,35;4,35;2.092,65
1611020000;Inscrição em Concursos e Processos Seletivos;0,00;;;0,00;0,00;195.000,00;0,00;0,00;195.000,00
1611020100;Inscrição em Concursos e Processos Seletivos - Principal - 0,00%;0,00;01501000;;0,00;0,00;195.000,00;0,00;0,00;0,00
1611020100;Inscrição em Concursos e Processos Seletivos - Principal - 100,00%;195.000,00;11501000;;0,00;0,00;195.000,00;0,00;0,00;195.000,00
1620000000;Serviços e Atividades referentes à Navegação e ao Transporte;0,00;;;0,00;0,00;1.300.000,00;43.310,71;43.310,71;1.256.689,29
1621000000;Serviços e Atividades Referentes à Navegação e ao Transporte;0,00;;;0,00;0,00;1.300.000,00;43.310,71;43.310,71;1.256.689,29
1621020000;Serviços de Transporte de Passageiros ou Mercadorias;0,00;;;0,00;0,00;1.300.000,00;43.310,71;43.310,71;1.256.689,29
1621020100;Serviços de Transporte de Passageiros ou Mercadorias - Principal - 100,00%;1.300.000,00;11501000;;43.310,71;43.310,71;1.300.000,00;43.310,71;43.310,71;1.256.689,29
1690000000;Outros Serviços;0,00;;;0,00;0,00;5.523.840,00;312.302,81;312.302,81;5.211.537,19
1699000000;Outros Serviços;0,00;;;0,00;0,00;5.523.840,00;312.302,81;312.302,81;5.211.537,19
1699990000;Outros Serviços;0,00;;;0,00;0,00;5.523.840,00;312.302,81;312.302,81;5.211.537,19
1699990100;Outros Serviços - Principal - 25,43%;1.404.712,51;01501000;;32.298,31;32.298,31;5.523.840,00;312.302,81;312.302,81;1.372.414,20
1699990100;Outros Serviços - Principal - 74,57%;4.119.127,50;11501000;;280.004,50;280.004,50;5.523.840,00;312.302,81;312.302,81;3.839.123,00
1700000000;Transferências Correntes;0,00;;;0,00;0,00;1.672.736.549,00;204.234.974,65;204.234.974,65;1.468.501.574,35
1710000000;Transferências da União e de suas Entidades;0,00;;;0,00;0,00;432.161.003,00;41.454.111,21;41.454.111,21;390.706.891,79
1711000000;Transferências Decorrentes de Participação na Receita da União;0,00;;;0,00;0,00;154.494.353,00;13.044.012,74;13.044.012,74;141.450.340,26
1711510000;Cota-Parte do Fundo de Participação dos Municípios - FPM;0,00;;;0,00;0,00;154.389.513,00;13.012.025,32;13.012.025,32;141.377.487,68
1711511100;Cota-Parte do Fundo de Participação dos Municípios - Cota Mensal - Principal - 47,56%;67.925.055,51;01500000;;6.188.519,25;6.188.519,25;142.819.713,00;13.012.025,32;13.012.025,32;61.736.536,26
1711511100;Cota-Parte do Fundo de Participação dos Municípios - Cota Mensal - Principal - 25,00%;35.704.928,25;01500701;1001;3.253.006,33;3.253.006,33;142.819.713,00;13.012.025,32;13.012.025,32;32.451.921,92
1711511100;Cota-Parte do Fundo de Participação dos Municípios - Cota Mensal - Principal - 27,44%;39.189.729,25;01500702;1002;3.570.499,74;3.570.499,74;142.819.713,00;13.012.025,32;13.012.025,32;35.619.229,51
1711512100;Cota-Parte do Fundo de Participação dos Municípios - Cotas Extraordinárias - Principal - 75,00%;8.677.350,00;01500000;;0,00;0,00;11.569.800,00;0,00;0,00;8.677.350,00
1711512100;Cota-Parte do Fundo de Participação dos Municípios - Cotas Extraordinárias - Principal - 25,00%;2.892.450,00;01500701;1001;0,00;0,00;11.569.800,00;0,00;0,00;2.892.450,00
1711520000;Cota-Parte do Imposto Sobre a Propriedade Territorial Rural;0,00;;;0,00;0,00;104.840,00;31.987,42;31.987,42;72.852,58
1711520100;Cota-Parte do Imposto Sobre a Propriedade Territorial Rural - Principal - 47,56%;49.861,91;01500000;;15.213,23;15.213,23;104.840,00;31.987,42;31.987,42;34.648,68
1711520100;Cota-Parte do Imposto Sobre a Propriedade Territorial Rural - Principal - 25,00%;26.210,00;01500701;1001;7.996,85;7.996,85;104.840,00;31.987,42;31.987,42;18.213,15
1711520100;Cota-Parte do Imposto Sobre a Propriedade Territorial Rural - Principal - 27,44%;28.768,10;01500702;1002;8.777,34;8.777,34;104.840,00;31.987,42;31.987,42;19.990,76
1712000000;Transferências das Compensações Financeiras pela Exploração de Recursos Naturais;0,00;;;0,00;0,00;3.474.202,00;470.550,28;470.550,28;3.003.651,72
1712510000;Cota-parte da Compensação Financeira pela Exploração de Recursos Minerais - CFEM;0,00;;;0,00;0,00;1.153.240,00;216.331,63;216.331,63;936.908,37
1712510100;Cota-parte da Compensação Financeira pela Exploração de Recursos Minerais - CFEM - Principal - 100,00%;1.153.240,00;21708000;;216.331,63;216.331,63;1.153.240,00;216.331,63;216.331,63;936.908,37
1712520000;Cota-parte da Compensação Financeira pela Produção de Petróleo;0,00;;;0,00;0,00;2.320.962,00;254.218,65;254.218,65;2.066.743,35
1712524100;Cota-Parte do Fundo Especial do Petróleo - FEP - Principal - 100,00%;2.320.962,00;21573000;;254.218,65;254.218,65;2.320.962,00;254.218,65;254.218,65;2.066.743,35
1713000000;Transferências de Recursos do Sistema Único de Saúde - SUS ;0,00;;;0,00;0,00;209.070.000,00;24.075.716,91;24.075.716,91;184.994.283,09
1713500000;Transferências de Recursos do Sistema Único de Saúde - SUS - Repasses Fundo a Fundo - Bloco de Manutenção das Ações e Serviços Públicos de Saúde;0,00;;;0,00;0,00;209.070.000,00;24.075.716,91;24.075.716,91;184.994.283,09
1713501100;Transferências de Recursos do Bloco de Manutenção das Ações e Serviços Públicos de Saúde - Atenção Primária - Principal - 67,28%;37.004.000,00;21600000;;3.935.373,15;3.935.373,15;55.000.000,00;5.451.861,15;5.451.861,15;33.068.626,85
1713501100;Transferências de Recursos do Bloco de Manutenção das Ações e Serviços Públicos de Saúde - Atenção Primária - Principal - 32,72%;17.996.000,00;21604000;;1.516.488,00;1.516.488,00;55.000.000,00;5.451.861,15;5.451.861,15;16.479.512,00
1713501100;Transferências de Recursos do Bloco de Manutenção das Ações e Serviços Públicos de Saúde - Atenção Primária - Principal - 0,00%;0,00;51600710;3110;0,00;0,00;55.000.000,00;5.451.861,15;5.451.861,15;0,00
1713502100;Transferências de Recursos do Bloco de Manutenção das Ações e Serviços Públicos de Saúde - Atenção Especializada - Principal - 97,08%;133.970.400,00;21600000;;11.097.898,94;11.097.898,94;138.000.000,00;14.488.704,94;14.488.704,94;122.872.501,06
1713502100;Transferências de Recursos do Bloco de Manutenção das Ações e Serviços Públicos de Saúde - Atenção Especializada - Principal - 2,92%;4.029.600,00;21605000;;0,00;0,00;138.000.000,00;14.488.704,94;14.488.704,94;4.029.600,00
1713502100;Transferências de Recursos do Bloco de Manutenção das Ações e Serviços Públicos de Saúde - Atenção Especializada - Principal - 0,00%;0,00;51600710;3110;3.390.806,00;3.390.806,00;138.000.000,00;14.488.704,94;14.488.704,94;-3.390.806,00
1713503100;Transferências de Recursos do Bloco de Manutenção das Ações e Serviços Públicos de Saúde - Vigilância em Saúde - Principal - 40,99%;5.000.780,00;21600000;;271.528,58;271.528,58;12.200.000,00;1.447.392,58;1.447.392,58;4.729.251,42
1713503100;Transferências de Recursos do Bloco de Manutenção das Ações e Serviços Públicos de Saúde - Vigilância em Saúde - Principal - 59,01%;7.199.220,00;21604000;;1.175.864,00;1.175.864,00;12.200.000,00;1.447.392,58;1.447.392,58;6.023.356,00
1713504100;Transferências de Recursos do Bloco de Manutenção das Ações e Serviços Públicos de Saúde - Assistência Farmacêutica - Principal - 100,00%;3.800.000,00;21600000;;326.395,37;326.395,37;3.800.000,00;326.395,37;326.395,37;3.473.604,63
1713505100;Transferências de Recursos do Bloco de Manutenção das Ações e Serviços Públicos de Saúde - Gestão do SUS - Principal - 100,00%;70.000,00;21600000;;0,00;0,00;70.000,00;2.361.362,87;2.361.362,87;70.000,00
1713505100;Transferências de Recursos do Bloco de Manutenção das Ações e Serviços Públicos de Saúde - Gestão do SUS - Principal - 0,00%;0,00;21605000;;2.361.362,87;2.361.362,87;70.000,00;2.361.362,87;2.361.362,87;-2.361.362,87
1714000000;Transferências de Recursos do Fundo Nacional do Desenvolvimento da Educação - FNDE;0,00;;;0,00;0,00;34.444.264,00;3.525.131,07;3.525.131,07;30.919.132,93
1714500000;Transferências do Salário-Educação;0,00;;;0,00;0,00;24.397.429,00;3.525.131,07;3.525.131,07;20.872.297,93
1714500100;Transferências do Salário-Educação - Principal - 100,00%;24.397.429,00;21550000;;3.525.131,07;3.525.131,07;24.397.429,00;3.525.131,07;3.525.131,07;20.872.297,93
1714520000;Transferências referentes ao Programa Nacional de Alimentação Escolar - PNAE;0,00;;;0,00;0,00;8.446.405,00;0,00;0,00;8.446.405,00
1714520100;Transferências referentes ao Programa Nacional de Alimentação Escolar - PNAE - Principal - 100,00%;8.446.405,00;21552000;;0,00;0,00;8.446.405,00;0,00;0,00;8.446.405,00
1714530000;Transferências referentes ao Programa Nacional de Apoio ao Transporte do Escolar - PNATE;0,00;;;0,00;0,00;430,00;0,00;0,00;430,00
1714530100;Transferências referentes ao Programa Nacional de Apoio ao Transporte do Escolar - PNATE - Principal - 100,00%;430,00;21553000;;0,00;0,00;430,00;0,00;0,00;430,00
1714990000;Outras Transferências Diretas do Fundo Nacional do Desenvolvimento da Educação - FNDE;0,00;;;0,00;0,00;1.600.000,00;0,00;0,00;1.600.000,00
1714990100;Outras Transferências Diretas do Fundo Nacional do Desenvolvimento da Educação - FNDE - Principal - 100,00%;1.600.000,00;21569000;;0,00;0,00;1.600.000,00;0,00;0,00;1.600.000,00
1716000000;Transferências de Recursos do Fundo Nacional de Assistência Social - FNAS ;0,00;;;0,00;0,00;11.929.162,00;0,00;0,00;11.929.162,00
1716500000;Transferências de Recursos do Fundo Nacional de Assistência Social - FNAS;0,00;;;0,00;0,00;11.929.162,00;0,00;0,00;11.929.162,00
1716500100;Transferências de Recursos do Fundo Nacional de Assistência Social - FNAS - Principal - 65,21%;7.779.006,55;21660000;;0,00;0,00;11.929.162,00;0,00;0,00;7.779.006,55
1716500100;Transferências de Recursos do Fundo Nacional de Assistência Social - FNAS - Principal - 34,79%;4.150.155,46;51660710;3110;0,00;0,00;11.929.162,00;0,00;0,00;4.150.155,46
1717000000;Transferências de Convênios da União e de Suas Entidades;0,00;;;0,00;0,00;9.491.540,00;0,00;0,00;9.491.540,00
1717520000;Transferências de Convênios da União Destinadas a Programas de Assistência Social;0,00;;;0,00;0,00;780.740,00;0,00;0,00;780.740,00
1717520100;Transferências de Convênios da União Destinadas a Programas de Assistência Social - Principal - 100,00%;780.740,00;21665000;;0,00;0,00;780.740,00;0,00;0,00;780.740,00
1717990000;Outras Transferências de Convênios da União e de Suas Entidades;0,00;;;0,00;0,00;8.710.800,00;0,00;0,00;8.710.800,00
1717990100;Outras Transferências de Convênios da União e de Suas Entidades - Principal - 58,67%;5.110.626,36;21700000;;0,00;0,00;8.710.800,00;0,00;0,00;5.110.626,36
1717990100;Outras Transferências de Convênios da União e de Suas Entidades - Principal - 41,33%;3.600.173,64;51700710;3110;0,00;0,00;8.710.800,00;0,00;0,00;3.600.173,64
1719000000;Outras Transferências de Recursos da União e de suas Entidades;0,00;;;0,00;0,00;9.257.482,00;338.700,21;338.700,21;8.918.781,79
1719570000;Transferência Especial da União;0,00;;;0,00;0,00;3.800.000,00;0,00;0,00;3.800.000,00
1719570100;Transferência Especial da União - Principal - 100,00%;3.800.000,00;51706710;3110;0,00;0,00;3.800.000,00;0,00;0,00;3.800.000,00
1719600000;Transferências da Política Nacional Aldir Blanc de Fomento à Cultura - Lei nº 14.399/2022;0,00;;;0,00;0,00;0,00;0,00;0,00;0,00
1719600100;Transferências da Política Nacional Aldir Blanc de Fomento à Cultura - Lei nº 14.399/2022 - Principal - 100,00%;0,00;21719000;;0,00;0,00;0,00;0,00;0,00;0,00
1719990000;Outras Transferências de Recursos da União e de suas Entidades;0,00;;;0,00;0,00;5.457.482,00;338.700,21;338.700,21;5.118.781,79
1719990100;Outras Transferências de Recursos da União e de suas Entidades - Principal - 92,67%;5.057.448,58;01501000;;338.700,21;338.700,21;5.457.482,00;338.700,21;338.700,21;4.718.748,37
1719990100;Outras Transferências de Recursos da União e de suas Entidades - Principal - 7,33%;400.033,43;21749000;;0,00;0,00;5.457.482,00;338.700,21;338.700,21;400.033,43
1720000000;Transferências dos Estados e do Distrito Federal e de suas Entidades;0,00;;;0,00;0,00;831.258.635,00;113.306.661,64;113.306.661,64;717.951.973,36
1721000000;Participação na Receita dos Estados e Distrito Federal;0,00;;;0,00;0,00;764.846.533,00;113.084.461,62;113.084.461,62;651.762.071,38
1721500000;Cota-Parte do ICMS;0,00;;;0,00;0,00;591.917.277,00;49.604.035,62;49.604.035,62;542.313.241,38
1721500100;Cota-Parte do ICMS - Principal - 47,56%;281.515.856,95;01500000;;23.591.679,35;23.591.679,35;591.917.277,00;49.604.035,62;49.604.035,62;257.924.177,60
1721500100;Cota-Parte do ICMS - Principal - 25,00%;147.979.319,25;01500701;1001;12.401.008,90;12.401.008,90;591.917.277,00;49.604.035,62;49.604.035,62;135.578.310,35
1721500100;Cota-Parte do ICMS - Principal - 27,44%;162.422.100,81;01500702;1002;13.611.347,37;13.611.347,37;591.917.277,00;49.604.035,62;49.604.035,62;148.810.753,44
1721510000;Cota-Parte do IPVA;0,00;;;0,00;0,00;167.311.929,00;62.872.481,97;62.872.481,97;104.439.447,03
1721510100;Cota-Parte do IPVA - Principal - 47,56%;79.573.553,44;01500000;;29.902.152,43;29.902.152,43;167.311.929,00;62.872.481,97;62.872.481,97;49.671.401,01
1721510100;Cota-Parte do IPVA - Principal - 25,00%;41.827.982,25;01500701;1001;15.718.120,49;15.718.120,49;167.311.929,00;62.872.481,97;62.872.481,97;26.109.861,76
1721510100;Cota-Parte do IPVA - Principal - 27,44%;45.910.393,32;01500702;1002;17.252.209,05;17.252.209,05;167.311.929,00;62.872.481,97;62.872.481,97;28.658.184,27
1721520000;Cota-Parte do IPI - Municípios;0,00;;;0,00;0,00;5.512.487,00;498.138,59;498.138,59;5.014.348,41
1721520100;Cota-Parte do IPI - Municípios - Principal - 47,56%;2.621.738,83;01500000;;236.914,73;236.914,73;5.512.487,00;498.138,59;498.138,59;2.384.824,10
1721520100;Cota-Parte do IPI - Municípios - Principal - 25,00%;1.378.121,75;01500701;1001;124.534,64;124.534,64;5.512.487,00;498.138,59;498.138,59;1.253.587,11
1721520100;Cota-Parte do IPI - Municípios - Principal - 27,44%;1.512.626,43;01500702;1002;136.689,22;136.689,22;5.512.487,00;498.138,59;498.138,59;1.375.937,21
1721530000;Cota-Parte da Contribuição de Intervenção no Domínio Econômico;0,00;;;0,00;0,00;104.840,00;109.805,44;109.805,44;-4.965,44
1721530100;Cota-Parte da Contribuição de Intervenção no Domínio Econômico - Principal - 100,00%;104.840,00;21750000;;109.805,44;109.805,44;104.840,00;109.805,44;109.805,44;-4.965,44
1723000000;Transferências de Recursos do Sistema Único de Saúde - SUS;0,00;;;0,00;0,00;60.000.000,00;0,00;0,00;60.000.000,00
1723500000;Transferências de Recursos do Sistema Único de Saúde - SUS;0,00;;;0,00;0,00;60.000.000,00;0,00;0,00;60.000.000,00
1723500100;Transferências de Recursos do Sistema Único de Saúde - SUS - Principal - 83,33%;49.998.000,00;21621000;;0,00;0,00;60.000.000,00;0,00;0,00;49.998.000,00
1723500100;Transferências de Recursos do Sistema Único de Saúde - SUS - Principal - 16,67%;10.002.000,00;51621710;3210;0,00;0,00;60.000.000,00;0,00;0,00;10.002.000,00
1724000000;Transferências de Convênios dos Estados e DF e de Suas Entidades;0,00;;;0,00;0,00;289.760,00;122.200,02;122.200,02;167.559,98
1724990000;Outras Transferências de Convênios dos Estados e DF e de Suas Entidades;0,00;;;0,00;0,00;289.760,00;122.200,02;122.200,02;167.559,98
1724990100;Outras Transferências de Convênios dos Estados e DF e de Suas Entidades - Principal - 30,98%;89.767,66;21665000;;122.200,02;122.200,02;289.760,00;122.200,02;122.200,02;-32.432,36
1724990100;Outras Transferências de Convênios dos Estados e DF e de Suas Entidades - Principal - 69,02%;199.992,35;51701710;3210;0,00;0,00;289.760,00;122.200,02;122.200,02;199.992,35
1729000000;Outras Transferências dos Estados e Distrito Federal;0,00;;;0,00;0,00;6.122.342,00;100.000,00;100.000,00;6.022.342,00
1729510000;Transferências de Estados destinadas à Assistência Social;0,00;;;0,00;0,00;4.122.342,00;100.000,00;100.000,00;4.022.342,00
1729510100;Transferências de Estados destinadas à Assistência Social - Principal - 100,00%;4.122.342,00;21661000;;100.000,00;100.000,00;4.122.342,00;100.000,00;100.000,00;4.022.342,00
1729990000;Outras Transferências dos Estados e DF;0,00;;;0,00;0,00;2.000.000,00;0,00;0,00;2.000.000,00
1729990100;Outras Transferências dos Estados e DF - Principal - 100,00%;2.000.000,00;51710710;3210;0,00;0,00;2.000.000,00;0,00;0,00;2.000.000,00
1740000000;Transferências de Instituições Privadas;0,00;;;0,00;0,00;6.806.967,00;19.626,32;19.626,32;6.787.340,68
1741000000;Transferências de Instituições Privadas;0,00;;;0,00;0,00;6.806.967,00;19.626,32;19.626,32;6.787.340,68
1741500000;Transferências de Convênios de Instituições Privadas para Programas de Saúde;0,00;;;0,00;0,00;100.000,00;0,00;0,00;100.000,00
1741500100;Transferências de Convênios de Instituições Privadas para Programas de Saúde - Principal - 100,00%;100.000,00;21636000;;0,00;0,00;100.000,00;0,00;0,00;100.000,00
1741990000;Outras Transferências de Instituições Privadas;0,00;;;0,00;0,00;6.706.967,00;19.626,32;19.626,32;6.687.340,68
1741990100;Outras Transferências de Instituições Privadas - Principal - 37,89%;2.541.269,80;21703000;;0,00;0,00;6.706.967,00;19.626,32;19.626,32;2.541.269,80
1741990100;Outras Transferências de Instituições Privadas - Principal - 62,11%;4.165.697,21;21749000;;19.626,32;19.626,32;6.706.967,00;19.626,32;19.626,32;4.146.070,89
1750000000;Transferências de Outras Instituições Públicas;0,00;;;0,00;0,00;402.509.944,00;49.454.575,48;49.454.575,48;353.055.368,52
1751000000;Transferências de Recursos do Fundo de Manutenção e Desenvolvimento da Educação Básica e de Valorização dos Profissionais da Educação - FUNDEB;0,00;;;0,00;0,00;385.509.944,00;48.129.481,11;48.129.481,11;337.380.462,89
1751500000;Transferências de Recursos do Fundo de Manutenção e Desenvolvimento da Educação Básica e de Valorização dos Profissionais da Educação - FUNDEB;0,00;;;0,00;0,00;385.509.944,00;48.129.481,11;48.129.481,11;337.380.462,89
1751500100;Transferências de Recursos do Fundo de Manutenção e Desenvolvimento da Educação Básica e de Valorização dos Profissionais da Educação - FUNDEB - Principal - 100,00%;385.509.944,00;21540770;1070;48.129.481,11;48.129.481,11;385.509.944,00;48.129.481,11;48.129.481,11;337.380.462,89
1759000000;Demais Transferências de Outras Instituições Públicas;0,00;;;0,00;0,00;17.000.000,00;1.325.094,37;1.325.094,37;15.674.905,63
1759990000;Demais Transferências de Outras Instituições Públicas;0,00;;;0,00;0,00;17.000.000,00;1.325.094,37;1.325.094,37;15.674.905,63
1759990100;Demais Transferências de Outras Instituições Públicas - Principal - 100,00%;17.000.000,00;21759005;;1.325.094,37;1.325.094,37;17.000.000,00;1.325.094,37;1.325.094,37;15.674.905,63
1900000000;Outras Receitas Correntes;0,00;;;0,00;0,00;101.020.523,00;9.226.691,81;9.226.691,81;91.793.831,19
1910000000;Multas Administrativas, Contratuais e Judiciais;0,00;;;0,00;0,00;62.183.538,00;3.885.351,65;3.885.351,65;58.298.186,35
1911000000;Multas Administrativas, Contratuais e Judiciais;0,00;;;0,00;0,00;62.183.538,00;3.885.351,65;3.885.351,65;58.298.186,35
1911010000;Multas Previstas em Legislação Específica;0,00;;;0,00;0,00;61.458.534,00;3.829.103,47;3.829.103,47;57.629.430,53
1911010100;Multas Previstas em Legislação Específica - Principal - 29,55%;18.123.558,72;01501000;;1.399.194,40;1.399.194,40;61.331.840,00;3.722.262,71;3.722.262,71;16.724.364,32
1911010100;Multas Previstas em Legislação Específica - Principal - 1,97%;1.208.237,25;11501000;;0,00;0,00;61.331.840,00;3.722.262,71;3.722.262,71;1.208.237,25
1911010100;Multas Previstas em Legislação Específica - Principal - 68,48%;42.000.044,04;21752000;;2.323.068,31;2.323.068,31;61.331.840,00;3.722.262,71;3.722.262,71;39.676.975,73
1911010200;Multas Previstas em Legislação Específica - Multas e Juros - 39,12%;31.485,35;01501000;;4.908,62;4.908,62;80.484,00;4.908,62;4.908,62;26.576,73
1911010200;Multas Previstas em Legislação Específica - Multas e Juros - 60,88%;48.998,66;21752000;;0,00;0,00;80.484,00;4.908,62;4.908,62;48.998,66
1911010300;Multas Previstas em Legislação Específica - Dívida Ativa - 52,46%;20.967,22;01501000;;82.886,53;82.886,53;39.968,00;82.886,53;82.886,53;-61.919,31
1911010300;Multas Previstas em Legislação Específica - Dívida Ativa - 47,54%;19.000,79;21752000;;0,00;0,00;39.968,00;82.886,53;82.886,53;19.000,79
1911010400;Multas Previstas em Legislação Específica - Dívida Ativa - Multas e Juros - 83,98%;5.242,04;01501000;;19.045,61;19.045,61;6.242,00;19.045,61;19.045,61;-13.803,57
1911010400;Multas Previstas em Legislação Específica - Dívida Ativa - Multas e Juros - 16,02%;999,97;21752000;;0,00;0,00;6.242,00;19.045,61;19.045,61;999,97
1911040000;Multas Previstas na Legislação sobre Defesa dos Direitos Difusos;0,00;;;0,00;0,00;110.484,00;1.693,99;1.693,99;108.790,01
1911040100;Multas Previstas na Legislação sobre Defesa dos Direitos Difusos - Principal - 9,49%;10.484,93;01501000;;0,00;0,00;110.484,00;1.693,99;1.693,99;10.484,93
1911040100;Multas Previstas na Legislação sobre Defesa dos Direitos Difusos - Principal - 90,51%;99.999,08;11501000;;1.693,99;1.693,99;110.484,00;1.693,99;1.693,99;98.305,09
1911060000;Multas por Danos Ambientais;0,00;;;0,00;0,00;614.520,00;5.380,01;5.380,01;609.139,99
1911061100;Multas Administrativas por Danos Ambientais - Principal - 83,73%;514.537,60;01501000;;0,00;0,00;614.520,00;5.380,01;5.380,01;514.537,60
1911061100;Multas Administrativas por Danos Ambientais - Principal - 16,27%;99.982,41;11501000;;5.380,01;5.380,01;614.520,00;5.380,01;5.380,01;94.602,40
1911090000;Multas e Juros Previstos em Contratos;0,00;;;0,00;0,00;0,00;49.174,18;49.174,18;-49.174,18
1911090100;Multas e Juros Previstos em Contratos - Principal - 100,00%;0,00;01755000;;49.174,18;49.174,18;0,00;49.174,18;49.174,18;-49.174,18
1920000000;Indenizações, Restituições e Ressarcimentos;0,00;;;0,00;0,00;1.677.742,00;417.904,93;417.904,93;1.259.837,07
1922000000;Restituições;0,00;;;0,00;0,00;1.410.400,00;387.912,66;387.912,66;1.022.487,34
1922030000;Restituição de Benefícios Previdenciários;0,00;;;0,00;0,00;24.000,00;0,00;0,00;24.000,00
1922030100;Restituição de Benefícios Previdenciários - Principal - 33,33%;7.999,20;81800811;1111;0,00;0,00;24.000,00;0,00;0,00;7.999,20
1922030100;Restituição de Benefícios Previdenciários - Principal - 66,67%;16.000,80;81801811;2111;0,00;0,00;24.000,00;0,00;0,00;16.000,80
1922990000;Outras Restituições;0,00;;;0,00;0,00;1.386.400,00;387.912,66;387.912,66;998.487,34
1922990100;Outras Restituições - Principal - 0,00%;0,00;01500000;;78.333,77;78.333,77;1.386.400,00;387.912,66;387.912,66;-78.333,77
1922990100;Outras Restituições - Principal - 0,00%;0,00;01500701;1001;906,66;906,66;1.386.400,00;387.912,66;387.912,66;-906,66
1922990100;Outras Restituições - Principal - 0,00%;0,00;01500702;1002;291.463,39;291.463,39;1.386.400,00;387.912,66;387.912,66;-291.463,39
1922990100;Outras Restituições - Principal - 75,62%;1.048.395,68;01501000;;12.545,50;12.545,50;1.386.400,00;387.912,66;387.912,66;1.035.850,18
1922990100;Outras Restituições - Principal - 3,61%;50.049,04;11501000;;53,29;53,29;1.386.400,00;387.912,66;387.912,66;49.995,75
1922990100;Outras Restituições - Principal - 0,00%;0,00;21540770;1070;0,00;0,00;1.386.400,00;387.912,66;387.912,66;0,00
1922990100;Outras Restituições - Principal - 0,00%;0,00;21600000;;4.610,05;4.610,05;1.386.400,00;387.912,66;387.912,66;-4.610,05
1922990100;Outras Restituições - Principal - 0,00%;0,00;21604000;;0,00;0,00;1.386.400,00;387.912,66;387.912,66;0,00
1922990100;Outras Restituições - Principal - 0,00%;0,00;22621000;;0,00;0,00;1.386.400,00;387.912,66;387.912,66;0,00
1922990100;Outras Restituições - Principal - 20,77%;287.955,28;81802000;;0,00;0,00;1.386.400,00;387.912,66;387.912,66;287.955,28
1923000000;Ressarcimentos;0,00;;;0,00;0,00;267.342,00;29.992,27;29.992,27;237.349,73
1923990000;Outros Ressarcimentos;0,00;;;0,00;0,00;267.342,00;29.992,27;29.992,27;237.349,73
1923990100;Outros Ressarcimentos - Principal - 100,00%;209.680,00;01501000;;12.893,68;12.893,68;209.680,00;12.893,68;12.893,68;196.786,32
1923990200;Outros Ressarcimentos - Multas e Juros - 100,00%;41.936,00;01501000;;3.233,82;3.233,82;41.936,00;3.233,82;3.233,82;38.702,18
1923990300;Outros Ressarcimentos - Dívida Ativa - 100,00%;10.484,00;01501000;;11.661,24;11.661,24;10.484,00;11.661,24;11.661,24;-1.177,24
1923990400;Outros Ressarcimentos - Dívida Ativa - Multas e Juros - 100,00%;5.242,00;01501000;;2.203,53;2.203,53;5.242,00;2.203,53;2.203,53;3.038,47
1990000000;Demais Receitas Correntes;0,00;;;0,00;0,00;37.159.243,00;4.923.435,23;4.923.435,23;32.235.807,77
1999000000;Outras Receitas Correntes;0,00;;;0,00;0,00;37.159.243,00;4.923.435,23;4.923.435,23;32.235.807,77
1999030000;Compensações Financeiras entre o Regime Geral e os Regimes Próprios de Previdência e Sistema de Proteção Social;0,00;;;0,00;0,00;7.461.000,00;3.390.119,67;3.390.119,67;4.070.880,33
1999030100;Compensações Financeiras entre os Regimes de Previdência - Principal - 100,00%;7.461.000,00;81801811;2111;3.390.119,67;3.390.119,67;7.461.000,00;3.390.119,67;3.390.119,67;4.070.880,33
1999120000;Encargos Legais pela Inscrição em Dívida Ativa e Receitas de Ônus de Sucumbência;0,00;;;0,00;0,00;6.871.435,00;813.758,16;813.758,16;6.057.676,84
1999122100;Ônus de Sucumbência - Principal - 100,00%;6.871.435,00;11501000;;813.758,16;813.758,16;6.871.435,00;813.758,16;813.758,16;6.057.676,84
1999990000;Outras Receitas;0,00;;;0,00;0,00;22.826.808,00;719.557,40;719.557,40;22.107.250,60
1999992100;Outras Receitas Não Arrecadadas e Não Projetadas pela RFB - Primárias - Principal - 96,22%;10.746.426,92;01501000;;206.673,51;206.673,51;11.168.600,00;233.633,09;233.633,09;10.539.753,41
1999992100;Outras Receitas Não Arrecadadas e Não Projetadas pela RFB - Primárias - Principal - 3,78%;422.173,08;11501000;;26.959,58;26.959,58;11.168.600,00;233.633,09;233.633,09;395.213,50
1999993100;Outras Receitas Não Arrecadadas e Não Projetadas pela RFB - Financeiras - Principal - 0,00%;0,00;01501000;;480.756,80;480.756,80;11.532.400,00;480.756,80;480.756,80;-480.756,80
1999993100;Outras Receitas Não Arrecadadas e Não Projetadas pela RFB - Financeiras - Principal - 100,00%;11.532.400,00;21501765;;0,00;0,00;11.532.400,00;480.756,80;480.756,80;11.532.400,00
1999993200;Outras Receitas Não Arrecadadas e Não Projetadas pela RFB - Financeiras -Multas e Juros - 0,00%;0,00;01501000;;5.167,51;5.167,51;125.808,00;5.167,51;5.167,51;-5.167,51
1999993200;Outras Receitas Não Arrecadadas e Não Projetadas pela RFB - Financeiras -Multas e Juros - 100,00%;125.808,00;21501765;;0,00;0,00;125.808,00;5.167,51;5.167,51;125.808,00
2000000000;Receitas de Capital;0,00;;;0,00;0,00;527.571.378,00;19.775.758,54;19.775.758,54;507.795.619,46
2100000000;Operações de Crédito;0,00;;;0,00;0,00;393.328.406,00;19.051.210,77;19.051.210,77;374.277.195,23
2110000000;Operações de Crédito - Mercado Interno;0,00;;;0,00;0,00;261.785.661,00;19.051.210,77;19.051.210,77;242.734.450,23
2112000000;Operações de Crédito Contratuais - Mercado Interno;0,00;;;0,00;0,00;261.785.661,00;19.051.210,77;19.051.210,77;242.734.450,23
2112010000;Operações de Crédito Contratuais - Mercado Interno;0,00;;;0,00;0,00;202.120.661,00;19.051.210,77;19.051.210,77;183.069.450,23
2112010100;Operações de Crédito Contratuais - Mercado Interno - Principal - 100,00%;202.120.661,00;41754900;;19.051.210,77;19.051.210,77;202.120.661,00;19.051.210,77;19.051.210,77;183.069.450,23
2112520000;Operações de Crédito Internas para Programas de Saneamento;0,00;;;0,00;0,00;44.665.000,00;0,00;0,00;44.665.000,00
2112520100;Operações de Crédito Internas para Programas de Saneamento - Principal - 100,00%;44.665.000,00;41754900;;0,00;0,00;44.665.000,00;0,00;0,00;44.665.000,00
2112540000;Operações de Crédito Internas para Programas de Modernização da Administração Pública;0,00;;;0,00;0,00;15.000.000,00;0,00;0,00;15.000.000,00
2112540100;Operações de Crédito Internas para Programas de Modernização da Administração Pública - Principal - 100,00%;15.000.000,00;41754900;;0,00;0,00;15.000.000,00;0,00;0,00;15.000.000,00
2120000000;Operações de Crédito - Mercado Externo;0,00;;;0,00;0,00;131.542.745,00;0,00;0,00;131.542.745,00
2122000000;Operações de Crédito Contratuais - Mercado Externo;0,00;;;0,00;0,00;131.542.745,00;0,00;0,00;131.542.745,00
2122010000;Operações de Crédito Contratuais - Mercado Externo;0,00;;;0,00;0,00;131.542.745,00;0,00;0,00;131.542.745,00
2122010100;Operações de Crédito Contratuais - Mercado Externo - Principal - 100,00%;131.542.745,00;41754901;;0,00;0,00;131.542.745,00;0,00;0,00;131.542.745,00
2200000000;Alienação de Bens;0,00;;;0,00;0,00;100.000,00;0,00;0,00;100.000,00
2210000000;Alienação de Bens Móveis;0,00;;;0,00;0,00;100.000,00;0,00;0,00;100.000,00
2213000000;Alienação de Bens Móveis e Semoventes;0,00;;;0,00;0,00;100.000,00;0,00;0,00;100.000,00
2213010000;Alienação de Bens Móveis e Semoventes;0,00;;;0,00;0,00;100.000,00;0,00;0,00;100.000,00
2213010100;Alienação de Bens Móveis e Semoventes - Principal - 100,00%;100.000,00;01755000;;0,00;0,00;100.000,00;0,00;0,00;100.000,00
2400000000;Transferências de Capital;0,00;;;0,00;0,00;134.142.972,00;343.994,63;343.994,63;133.798.977,37
2410000000;Transferências da União e de suas Entidades;0,00;;;0,00;0,00;111.369.605,00;0,00;0,00;111.369.605,00
2411000000;Transferências de Recursos do Sistema Único de Saúde - SUS;0,00;;;0,00;0,00;100,00;0,00;0,00;100,00
2411510000;Transferências de Recursos do Sistema Único de Saúde - SUS - Fundo a Fundo - Bloco de Estruturação da Rede de Serviços Públicos de Saúde;0,00;;;0,00;0,00;100,00;0,00;0,00;100,00
2411519100;Transferências de Recursos do Bloco de Estruturação da Rede de Serviços Públicos de Saúde - Outros Programas - Principal - 100,00%;100,00;21601000;;0,00;0,00;100,00;0,00;0,00;100,00
2412000000;Transferências de Recursos do Fundo Nacional do Desenvolvimento da Educação - FNDE ;0,00;;;0,00;0,00;0,00;0,00;0,00;0,00
2412500000;Transferências de Recursos Destinados a Programas de Educação;0,00;;;0,00;0,00;0,00;0,00;0,00;0,00
2412509000;Outras transferências destinadas a Programas de Educação - 100,00%;0,00;21569000;;0,00;0,00;0,00;0,00;0,00;0,00
2412509100;Outras Transferências Destinadas a Programas de Educação - Principal - 100,00%;0,00;21569000;;0,00;0,00;0,00;0,00;0,00;0,00
2413000000;Transferências de Recursos do Fundo Nacional de Assistência Social - FNAS ;0,00;;;0,00;0,00;1.499.209,00;0,00;0,00;1.499.209,00
2413500000;Transferências de Recursos do Fundo Nacional de Assistência Social - FNAS;0,00;;;0,00;0,00;1.499.209,00;0,00;0,00;1.499.209,00
2413500100;Transferências de Recursos do Fundo Nacional de Assistência Social - FNAS - Principal - 100,00%;1.499.209,00;51660710;3110;0,00;0,00;1.499.209,00;0,00;0,00;1.499.209,00
2414000000;Transferências de Convênios da União e de suas Entidades ;0,00;;;0,00;0,00;107.270.296,00;0,00;0,00;107.270.296,00
2414510000;Transferências de Convênios da União destinadas a Programas de Educação;0,00;;;0,00;0,00;497.348,00;0,00;0,00;497.348,00
2414510100;Transferências de Convênios da União destinadas a Programas de Educação - Principal - 100,00%;497.348,00;21570000;;0,00;0,00;497.348,00;0,00;0,00;497.348,00
2414540000;Transferências de Convênios da União destinadas a Programas de Infraestrutura em Transporte;0,00;;;0,00;0,00;80.000.000,00;0,00;0,00;80.000.000,00
2414540100;Transferências de Convênios da União destinadas a Programas de Infraestrutura em Transporte - Principal - 100,00%;80.000.000,00;21700000;;0,00;0,00;80.000.000,00;0,00;0,00;80.000.000,00
2414990000;Outras Transferências de Convênios da União e de Suas Entidades;0,00;;;0,00;0,00;26.772.948,00;0,00;0,00;26.772.948,00
2414990100;Outras Transferências de Convênios da União e de Suas Entidades - Principal - 88,95%;23.814.537,25;21700000;;0,00;0,00;26.772.948,00;0,00;0,00;23.814.537,25
2414990100;Outras Transferências de Convênios da União e de Suas Entidades - Principal - 11,05%;2.958.410,75;51700710;3110;0,00;0,00;26.772.948,00;0,00;0,00;2.958.410,75
2419000000;Outras Transferências de Recursos da União e de suas Entidades;0,00;;;0,00;0,00;2.600.000,00;0,00;0,00;2.600.000,00
2419510000;Transferência Especial da União;0,00;;;0,00;0,00;2.600.000,00;0,00;0,00;2.600.000,00
2419510100;Transferência Especial da União - Principal - 100,00%;2.600.000,00;51706710;3110;0,00;0,00;2.600.000,00;0,00;0,00;2.600.000,00
2420000000;Transferências dos Estados e do Distrito Federal e de suas Entidades;0,00;;;0,00;0,00;21.938.558,00;343.994,63;343.994,63;21.594.563,37
2421000000;Transferências de Recursos do Sistema Único de Saúde - SUS dos Estados e DF;0,00;;;0,00;0,00;15.000.000,00;0,00;0,00;15.000.000,00
2421500000;Transferências de Recursos do Sistema Único de Saúde - SUS;0,00;;;0,00;0,00;15.000.000,00;0,00;0,00;15.000.000,00
2421500100;Transferências de Recursos do Sistema Único de Saúde - SUS - Principal - 66,67%;10.000.500,00;21621000;;0,00;0,00;15.000.000,00;0,00;0,00;10.000.500,00
2421500100;Transferências de Recursos do Sistema Único de Saúde - SUS - Principal - 33,33%;4.999.500,00;51621710;3210;0,00;0,00;15.000.000,00;0,00;0,00;4.999.500,00
2422000000;Transferências de Convênios dos Estados e DF e de Suas Entidades ;0,00;;;0,00;0,00;4.254.558,00;343.994,63;343.994,63;3.910.563,37
2422510000;Transferências de Convênios dos Estados destinadas a Programas de Educação;0,00;;;0,00;0,00;3.454.558,00;0,00;0,00;3.454.558,00
2422510100;Transferências de Convênios dos Estados destinadas a Programas de Educação - Principal - 100,00%;3.454.558,00;21571000;;0,00;0,00;3.454.558,00;0,00;0,00;3.454.558,00
2422990000;Outras Transferências de Convênios dos Estados e DF e de Suas Entidades;0,00;;;0,00;0,00;800.000,00;343.994,63;343.994,63;456.005,37
2422990100;Outras Transferências de Convênios dos Estados e DF e de Suas Entidades - Principal - 0,00%;0,00;21665000;;343.994,63;343.994,63;800.000,00;343.994,63;343.994,63;-343.994,63
2422990100;Outras Transferências de Convênios dos Estados e DF e de Suas Entidades - Principal - 50,00%;400.000,00;21701000;;0,00;0,00;800.000,00;343.994,63;343.994,63;400.000,00
2422990100;Outras Transferências de Convênios dos Estados e DF e de Suas Entidades - Principal - 50,00%;400.000,00;51701710;3210;0,00;0,00;800.000,00;343.994,63;343.994,63;400.000,00
2429000000;Outras Transferências de Recursos dos Estados;0,00;;;0,00;0,00;2.684.000,00;0,00;0,00;2.684.000,00
2429990000;Outras Transferências de Recursos dos Estados;0,00;;;0,00;0,00;2.684.000,00;0,00;0,00;2.684.000,00
2429990100;Outras Transferências de Recursos dos Estados - Principal - 100,00%;2.684.000,00;51710710;3210;0,00;0,00;2.684.000,00;0,00;0,00;2.684.000,00
2440000000;Transferências de Instituições Privadas;0,00;;;0,00;0,00;834.809,00;0,00;0,00;834.809,00
2441000000;Transferências de Instituições Privadas;0,00;;;0,00;0,00;834.809,00;0,00;0,00;834.809,00
2441990000;Outras Transferências de Instituições Privadas;0,00;;;0,00;0,00;834.809,00;0,00;0,00;834.809,00
2441990100;Outras Transferências de Instituições Privadas - Principal - 100,00%;834.809,00;21749000;;0,00;0,00;834.809,00;0,00;0,00;834.809,00
2900000000;Outras Receitas de Capital;0,00;;;0,00;0,00;0,00;380.553,14;380.553,14;-380.553,14
2990000000;Demais Receitas de Capital;0,00;;;0,00;0,00;0,00;380.553,14;380.553,14;-380.553,14
2999000000;Outras Receitas de Capital;0,00;;;0,00;0,00;0,00;380.553,14;380.553,14;-380.553,14
2999500000;Receitas de Alienação de Certificados de Potencial Adicional de Construção - CEPAC;0,00;;;0,00;0,00;0,00;380.553,14;380.553,14;-380.553,14
2999500100;Receitas de Alienação de Certificados de Potencial Adicional de Construção - CEPAC - Principal - 100,00%;0,00;11501000;;0,00;0,00;0,00;380.553,14;380.553,14;0,00
2999500100;Receitas de Alienação de Certificados de Potencial Adicional de Construção - CEPAC - Principal - 0,00%;0,00;21501000;;190.276,57;190.276,57;0,00;380.553,14;380.553,14;-190.276,57
2999500100;Receitas de Alienação de Certificados de Potencial Adicional de Construção - CEPAC - Principal - 0,00%;0,00;21759000;;190.276,57;190.276,57;0,00;380.553,14;380.553,14;-190.276,57
7000000000;Receitas Correntes Intraorçamentárias;0,00;;;0,00;0,00;189.592.000,00;2.165.956,27;2.165.956,27;187.426.043,73
7200000000;Receitas Intraorçamentárias de Contribuição;0,00;;;0,00;0,00;170.491.000,00;604.461,43;604.461,43;169.886.538,57
7210000000;Contribuições Sociais;0,00;;;0,00;0,00;170.491.000,00;604.461,43;604.461,43;169.886.538,57
7215021100;Contribuição Patronal - Servidor Civil Ativo - Principal - 29,57%;50.414.188,70;81800811;1111;104.342,88;104.342,88;170.491.000,00;604.461,43;604.461,43;50.309.845,82
7215021100;Contribuição Patronal - Servidor Civil Ativo - Principal - 0,44%;750.160,40;81800821;1121;63.388,14;63.388,14;170.491.000,00;604.461,43;604.461,43;686.772,26
7215021100;Contribuição Patronal - Servidor Civil Ativo - Principal - 64,48%;109.932.596,80;81801811;2111;401.634,29;401.634,29;170.491.000,00;604.461,43;604.461,43;109.530.962,51
7215021100;Contribuição Patronal - Servidor Civil Ativo - Principal - 0,28%;477.374,80;81801821;2121;35.096,12;35.096,12;170.491.000,00;604.461,43;604.461,43;442.278,68
7215021100;Contribuição Patronal - Servidor Civil Ativo - Principal - 5,23%;8.916.679,30;81802000;;0,00;0,00;170.491.000,00;604.461,43;604.461,43;8.916.679,30
7900000000;Outras Receitas Correntes - Intraorçamentárias;0,00;;;0,00;0,00;19.101.000,00;1.561.494,84;1.561.494,84;17.539.505,16
7990000000;Demais Receitas Correntes;0,00;;;0,00;0,00;19.101.000,00;1.561.494,84;1.561.494,84;17.539.505,16
7999010100;Aportes Periódicos para Amortização de Déficit Atuarial do RPPS - Principal - 100,00%;19.101.000,00;81800811;1111;1.561.494,84;1.561.494,84;19.101.000,00;1.561.494,84;1.561.494,84;17.539.505,16
9000000000;Deduções da Receita;0,00;;;0,00;0,00;-349.087.530,00;-129.623.480,53;-129.623.480,53;-219.464.049,47
9100000000;Renúncia;0,00;;;0,00;0,00;-81.553.775,00;-68.472.071,56;-68.472.071,56;-13.081.703,44
9111125001;Renúncia do Imposto sobre a Propriedade Predial e Territorial Urbana - Principal - 47,56%;-30.523.043,02;01500000;;-20.036.320,54;-20.036.320,54;-64.177.971,00;-42.128.512,46;-42.128.512,46;-10.486.722,48
9111125001;Renúncia do Imposto sobre a Propriedade Predial e Territorial Urbana - Principal - 25,00%;-16.044.492,75;01500701;1001;-10.532.128,11;-10.532.128,11;-64.177.971,00;-42.128.512,46;-42.128.512,46;-5.512.364,64
9111125001;Renúncia do Imposto sobre a Propriedade Predial e Territorial Urbana - Principal - 27,44%;-17.610.435,24;01500702;1002;-11.560.063,81;-11.560.063,81;-64.177.971,00;-42.128.512,46;-42.128.512,46;-6.050.371,43
9111125002;Renúncia do Imposto sobre a Propriedade Predial e Territorial Urbana - Multas e Juros - 47,56%;-214.020,00;01500000;;-6.825,72;-6.825,72;-450.000,00;-14.351,78;-14.351,78;-207.194,28
9111125002;Renúncia do Imposto sobre a Propriedade Predial e Territorial Urbana - Multas e Juros - 25,00%;-112.500,00;01500701;1001;-3.587,94;-3.587,94;-450.000,00;-14.351,78;-14.351,78;-108.912,06
9111125002;Renúncia do Imposto sobre a Propriedade Predial e Territorial Urbana - Multas e Juros - 27,44%;-123.480,00;01500702;1002;-3.938,12;-3.938,12;-450.000,00;-14.351,78;-14.351,78;-119.541,88
9111125003;Renúncia do Imposto sobre a Propriedade Predial e Territorial Urbana - Dívida Ativa - 47,56%;-332.920,00;01500000;;-23.811,15;-23.811,15;-700.000,00;-50.065,48;-50.065,48;-309.108,85
9111125003;Renúncia do Imposto sobre a Propriedade Predial e Territorial Urbana - Dívida Ativa - 25,00%;-175.000,00;01500701;1001;-12.516,37;-12.516,37;-700.000,00;-50.065,48;-50.065,48;-162.483,63
9111125003;Renúncia do Imposto sobre a Propriedade Predial e Territorial Urbana - Dívida Ativa - 27,44%;-192.080,00;01500702;1002;-13.737,96;-13.737,96;-700.000,00;-50.065,48;-50.065,48;-178.342,04
9111125004;Renúncia do Imposto sobre a Propriedade Predial e Territorial Urbana - Dívida Ativa - Multas e Juros - 47,56%;-118.900,00;01500000;;-11.237,92;-11.237,92;-250.000,00;-23.628,91;-23.628,91;-107.662,08
9111125004;Renúncia do Imposto sobre a Propriedade Predial e Territorial Urbana - Dívida Ativa - Multas e Juros - 25,00%;-62.500,00;01500701;1001;-5.907,22;-5.907,22;-250.000,00;-23.628,91;-23.628,91;-56.592,78
9111125004;Renúncia do Imposto sobre a Propriedade Predial e Territorial Urbana - Dívida Ativa - Multas e Juros - 27,44%;-68.600,00;01500702;1002;-6.483,77;-6.483,77;-250.000,00;-23.628,91;-23.628,91;-62.116,23
9111125301;Renúncia do Imposto sobre Transmissão -Inter Vivos- de Bens Imóveis e de Direitos Reais sobre Imóveis - Principal - 47,56%;-3.345.709,50;01500000;;0,00;0,00;-7.034.713,00;0,00;0,00;-3.345.709,50
9111125301;Renúncia do Imposto sobre Transmissão -Inter Vivos- de Bens Imóveis e de Direitos Reais sobre Imóveis - Principal - 25,00%;-1.758.678,25;01500701;1001;0,00;0,00;-7.034.713,00;0,00;0,00;-1.758.678,25
9111125301;Renúncia do Imposto sobre Transmissão -Inter Vivos- de Bens Imóveis e de Direitos Reais sobre Imóveis - Principal - 27,44%;-1.930.325,25;01500702;1002;0,00;0,00;-7.034.713,00;0,00;0,00;-1.930.325,25
9111145111;Renúncia do Imposto sobre Serviços de Qualquer Natureza - Principal - 47,56%;-4.756,00;01500000;;0,00;0,00;-10.000,00;0,00;0,00;-4.756,00
9111145111;Renúncia do Imposto sobre Serviços de Qualquer Natureza - Principal - 25,00%;-2.500,00;01500701;1001;0,00;0,00;-10.000,00;0,00;0,00;-2.500,00
9111145111;Renúncia do Imposto sobre Serviços de Qualquer Natureza - Principal - 27,44%;-2.744,00;01500702;1002;0,00;0,00;-10.000,00;0,00;0,00;-2.744,00
9111145112;Renúncia do Imposto sobre Serviços de Qualquer Natureza - Multas e Juros - 47,56%;-475,60;01500000;;0,00;0,00;-1.000,00;0,00;0,00;-475,60
9111145112;Renúncia do Imposto sobre Serviços de Qualquer Natureza - Multas e Juros - 25,00%;-250,00;01500701;1001;0,00;0,00;-1.000,00;0,00;0,00;-250,00
9111145112;Renúncia do Imposto sobre Serviços de Qualquer Natureza - Multas e Juros - 27,44%;-274,40;01500702;1002;0,00;0,00;-1.000,00;0,00;0,00;-274,40
9111145113;Renúncia do Imposto sobre Serviços de Qualquer Natureza - Dívida Ativa - 47,56%;-951,20;01500000;;0,00;0,00;-2.000,00;0,00;0,00;-951,20
9111145113;Renúncia do Imposto sobre Serviços de Qualquer Natureza - Dívida Ativa - 25,00%;-500,00;01500701;1001;0,00;0,00;-2.000,00;0,00;0,00;-500,00
9111145113;Renúncia do Imposto sobre Serviços de Qualquer Natureza - Dívida Ativa - 27,44%;-548,80;01500702;1002;0,00;0,00;-2.000,00;0,00;0,00;-548,80
9111145114;Renúncia do Imposto sobre Serviços de Qualquer Natureza - Dívida Ativa - Multas e Juros - 47,56%;-475,60;01500000;;0,00;0,00;-1.000,00;0,00;0,00;-475,60
9111145114;Renúncia do Imposto sobre Serviços de Qualquer Natureza - Dívida Ativa - Multas e Juros - 25,00%;-250,00;01500701;1001;0,00;0,00;-1.000,00;0,00;0,00;-250,00
9111145114;Renúncia do Imposto sobre Serviços de Qualquer Natureza - Dívida Ativa - Multas e Juros - 27,44%;-274,40;01500702;1002;0,00;0,00;-1.000,00;0,00;0,00;-274,40
9111210101;Renúncia de Taxas de Inspeção, Controle e Fiscalização - Outras - Principal - 100,00%;-1.583.030,00;01501000;;-41.743,69;-41.743,69;-1.583.030,00;-41.743,69;-41.743,69;-1.541.286,31
9111210102;Renúncia de Taxas de Inspeção, Controle e Fiscalização - Outras - Multas e Juros - 100,00%;-30.000,00;01501000;;-6.577,33;-6.577,33;-30.000,00;-6.577,33;-6.577,33;-23.422,67
9111210103;Renúncia de Taxas de Inspeção, Controle e Fiscalização - Dívida Ativa - 100,00%;-60.000,00;01501000;;-2.889,04;-2.889,04;-60.000,00;-2.889,04;-2.889,04;-57.110,96
9111210104;Renúncia de Taxas de Inspeção, Controle e Fiscalização - Dívida Ativa - Multas e Juros - 100,00%;-25.000,00;01501000;;-984,77;-984,77;-25.000,00;-984,77;-984,77;-24.015,23
9111215001;Renúncia de Taxa de Fiscalização de Vigilância Sanitária - Principal - 100,00%;-536.444,00;01501000;;-33.417,65;-33.417,65;-536.444,00;-33.417,65;-33.417,65;-503.026,35
9111215002;Renúncia de Taxa de Fiscalização de Vigilância Sanitária - Multas e Juros - 100,00%;-15.000,00;01501000;;-5.563,54;-5.563,54;-15.000,00;-5.563,54;-5.563,54;-9.436,46
9111215003;Renúncia de Taxa de Fiscalização de Vigilância Sanitária - Dívida Ativa - 100,00%;-50.000,00;01501000;;-726,35;-726,35;-50.000,00;-726,35;-726,35;-49.273,65
9111215004;Renúncia de Taxa de Fiscalização de Vigilância Sanitária - Dívida Ativa - Multas e Juros - 100,00%;-25.000,00;01501000;;-179,20;-179,20;-25.000,00;-179,20;-179,20;-24.820,80
9111220101;Renúncia de Taxas pela Prestação de Serviços em Geral - Principal - 100,00%;-10.000,00;01501000;;0,00;0,00;-10.000,00;0,00;0,00;-10.000,00
9111220102;Renúncia de Taxas pela Prestação de Serviços em Geral - Multas e Juros - 100,00%;-1.000,00;01501000;;0,00;0,00;-1.000,00;0,00;0,00;-1.000,00
9111220103;Renúncia de Taxas pela Prestação de Serviços em Geral - Dívida Ativa - 100,00%;-2.000,00;01501000;;0,00;0,00;-2.000,00;0,00;0,00;-2.000,00
9111220104;Renúncia de Taxas pela Prestação de Serviços em Geral - Dívida Ativa - Multas e Juros - 100,00%;-900,00;01501000;;0,00;0,00;-900,00;0,00;0,00;-900,00
9111225301;Renúncia de Taxa pela Prestação de Serviços de Limpeza Pública e Manejo de Resíduos Sólidos - Principal - 100,00%;-6.268.717,00;21753000;;-26.151.460,13;-26.151.460,13;-6.268.717,00;-26.151.460,13;-26.151.460,13;19.882.743,13
9111225302;Renúncia de Taxa pela Prestação de Serviços de Limpeza Pública e Manejo de Resíduos Sólidos - Multas e Juros - 100,00%;-150.000,00;21753000;;-4.224,59;-4.224,59;-150.000,00;-4.224,59;-4.224,59;-145.775,41
9111225303;Renúncia de Taxa pela Prestação de Serviços de Limpeza Pública e Manejo de Resíduos Sólidos - Dívida Ativa - 100,00%;-120.000,00;21753000;;-5.304,61;-5.304,61;-120.000,00;-5.304,61;-5.304,61;-114.695,39
9111225304;Renúncia de Taxa pela Prestação de Serviços de Limpeza Pública e Manejo de Resíduos Sólidos - Dívida Ativa - Multas e Juros - 100,00%;-50.000,00;21753000;;-2.442,03;-2.442,03;-50.000,00;-2.442,03;-2.442,03;-47.557,97
9200000000;Restituições;0,00;;;0,00;0,00;-2.290.000,00;-2.309,93;-2.309,93;-2.287.690,07
9210000000;Restituições Receitas Correntes;0,00;;;0,00;0,00;-2.290.000,00;-2.309,93;-2.309,93;-2.287.690,07
9211125001;Restituições do Imposto sobre a Propriedade Predial e Territorial Urbana - Principal - 47,56%;-332.920,00;01500000;;0,00;0,00;-700.000,00;0,00;0,00;-332.920,00
9211125001;Restituições do Imposto sobre a Propriedade Predial e Territorial Urbana - Principal - 25,00%;-175.000,00;01500701;1001;0,00;0,00;-700.000,00;0,00;0,00;-175.000,00
9211125001;Restituições do Imposto sobre a Propriedade Predial e Territorial Urbana - Principal - 27,44%;-192.080,00;01500702;1002;0,00;0,00;-700.000,00;0,00;0,00;-192.080,00
9211125002;Restituições do Imposto sobre a Propriedade Predial e Territorial Urbana - Multas e Juros - 47,56%;-9.512,00;01500000;;0,00;0,00;-20.000,00;0,00;0,00;-9.512,00
9211125002;Restituições do Imposto sobre a Propriedade Predial e Territorial Urbana - Multas e Juros - 25,00%;-5.000,00;01500701;1001;0,00;0,00;-20.000,00;0,00;0,00;-5.000,00
9211125002;Restituições do Imposto sobre a Propriedade Predial e Territorial Urbana - Multas e Juros - 27,44%;-5.488,00;01500702;1002;0,00;0,00;-20.000,00;0,00;0,00;-5.488,00
9211125003;Restituições do Imposto sobre a Propriedade Predial e Territorial Urbana - Dívida Ativa - 47,56%;-14.268,00;01500000;;0,00;0,00;-30.000,00;0,00;0,00;-14.268,00
9211125003;Restituições do Imposto sobre a Propriedade Predial e Territorial Urbana - Dívida Ativa - 25,00%;-7.500,00;01500701;1001;0,00;0,00;-30.000,00;0,00;0,00;-7.500,00
9211125003;Restituições do Imposto sobre a Propriedade Predial e Territorial Urbana - Dívida Ativa - 27,44%;-8.232,00;01500702;1002;0,00;0,00;-30.000,00;0,00;0,00;-8.232,00
9211125004;Restituições do Imposto sobre a Propriedade Predial e Territorial Urbana - Dívida Ativa - Multas e Juros - 47,56%;-4.756,00;01500000;;0,00;0,00;-10.000,00;0,00;0,00;-4.756,00
9211125004;Restituições do Imposto sobre a Propriedade Predial e Territorial Urbana - Dívida Ativa - Multas e Juros - 25,00%;-2.500,00;01500701;1001;0,00;0,00;-10.000,00;0,00;0,00;-2.500,00
9211125004;Restituições do Imposto sobre a Propriedade Predial e Territorial Urbana - Dívida Ativa - Multas e Juros - 27,44%;-2.744,00;01500702;1002;0,00;0,00;-10.000,00;0,00;0,00;-2.744,00
9211125301;Restituições do Imposto sobre Transmissão -Inter Vivos- de Bens Imóveis e de Direitos Reais sobre Imóveis - Principal - 47,56%;-428.040,00;01500000;;0,00;0,00;-900.000,00;0,00;0,00;-428.040,00
9211125301;Restituições do Imposto sobre Transmissão -Inter Vivos- de Bens Imóveis e de Direitos Reais sobre Imóveis - Principal - 25,00%;-225.000,00;01500701;1001;0,00;0,00;-900.000,00;0,00;0,00;-225.000,00
9211125301;Restituições do Imposto sobre Transmissão -Inter Vivos- de Bens Imóveis e de Direitos Reais sobre Imóveis - Principal - 27,44%;-246.960,00;01500702;1002;0,00;0,00;-900.000,00;0,00;0,00;-246.960,00
9211130000;Restituições dos Impostos sobre a Renda e Proventos de Qualquer Natureza;0,00;;;0,00;0,00;0,00;-1.383,95;-1.383,95;1.383,95
9211130300;Restituições do Imposto sobre a Renda - Retido na Fonte;0,00;;;0,00;0,00;0,00;-1.383,95;-1.383,95;1.383,95
9211130341;Restituições do Imposto sobre a Renda - Retido na Fonte - Outros Rendimentos - Principal - 47,56%;0,00;01500000;;-807,76;-807,76;0,00;-1.383,95;-1.383,95;807,76
9211130341;Restituições do Imposto sobre a Renda - Retido na Fonte - Outros Rendimentos - Principal - 25,00%;0,00;01500701;1001;-274,69;-274,69;0,00;-1.383,95;-1.383,95;274,69
9211130341;Restituições do Imposto sobre a Renda - Retido na Fonte - Outros Rendimentos - Principal - 27,44%;0,00;01500702;1002;-301,50;-301,50;0,00;-1.383,95;-1.383,95;301,50
9211145111;Restituições do Imposto sobre Serviços de Qualquer Natureza - ISSQN - Principal - 47,56%;-142.680,00;01500000;;0,00;0,00;-300.000,00;0,00;0,00;-142.680,00
9211145111;Restituições do Imposto sobre Serviços de Qualquer Natureza - ISSQN - Principal - 25,00%;-75.000,00;01500701;1001;0,00;0,00;-300.000,00;0,00;0,00;-75.000,00
9211145111;Restituições do Imposto sobre Serviços de Qualquer Natureza - ISSQN - Principal - 27,44%;-82.320,00;01500702;1002;0,00;0,00;-300.000,00;0,00;0,00;-82.320,00
9211145112;Restituições do Imposto sobre Serviços de Qualquer Natureza - ISSQN - Multas e Juros - 47,56%;-23.780,00;01500000;;0,00;0,00;-50.000,00;0,00;0,00;-23.780,00
9211145112;Restituições do Imposto sobre Serviços de Qualquer Natureza - ISSQN - Multas e Juros - 25,00%;-12.500,00;01500701;1001;0,00;0,00;-50.000,00;0,00;0,00;-12.500,00
9211145112;Restituições do Imposto sobre Serviços de Qualquer Natureza - ISSQN - Multas e Juros - 27,44%;-13.720,00;01500702;1002;0,00;0,00;-50.000,00;0,00;0,00;-13.720,00
9211210101;Restituições de Taxas de Inspeção, Controle e Fiscalização - Principal - 100,00%;-100.000,00;01501000;;0,00;0,00;-100.000,00;0,00;0,00;-100.000,00
9211215001;Restituições de Taxa de Fiscalização de Vigilância Sanitária - Principal - 100,00%;-50.000,00;01501000;;0,00;0,00;-50.000,00;0,00;0,00;-50.000,00
9211225301;Restituições de Taxa pela Prestação de Serviços de Limpeza Pública e Manejo de Resíduos Sólidos - Principal - 100,00%;-70.000,00;21753000;;0,00;0,00;-70.000,00;0,00;0,00;-70.000,00
9219000000;Restituições Outras Receitas Correntes;0,00;;;0,00;0,00;-60.000,00;-925,98;-925,98;-59.074,02
9219110000;Restituições Multas Administrativas, Contratuais e Judiciais;0,00;;;0,00;0,00;-60.000,00;-925,98;-925,98;-59.074,02
9219110100;Restituições Multas Previstas em Legislação Específica;0,00;;;0,00;0,00;-60.000,00;-925,98;-925,98;-59.074,02
9219110101;Restituição de Multas Previstas em Legislação Específica - Principal - 33,33%;-19.998,00;01501000;;0,00;0,00;-60.000,00;-925,98;-925,98;-19.998,00
9219110101;Restituição de Multas Previstas em Legislação Específica - Principal - 66,67%;-40.002,00;21752000;;-925,98;-925,98;-60.000,00;-925,98;-925,98;-39.076,02
9219220000;Restituições;0,00;;;0,00;0,00;0,00;0,00;0,00;0,00
9219229900;Restituições Outras Restituições;0,00;;;0,00;0,00;0,00;0,00;0,00;0,00
9219229901;Restituições Outras Restituições - Principal - 100,00%;0,00;11501000;;0,00;0,00;0,00;0,00;0,00;0,00
9300000000;Descontos;0,00;;;0,00;0,00;-71.781.504,00;-35.751.500,90;-35.751.500,90;-36.030.003,10
9311125001;Descontos do Imposto sobre a Propriedade Predial e Territorial Urbana - Principal - 47,56%;-24.183.042,47;01500000;;-14.215.162,09;-14.215.162,09;-50.847.440,00;-29.888.902,61;-29.888.902,61;-9.967.880,38
9311125001;Descontos do Imposto sobre a Propriedade Predial e Territorial Urbana - Principal - 25,00%;-12.711.860,00;01500701;1001;-7.472.225,65;-7.472.225,65;-50.847.440,00;-29.888.902,61;-29.888.902,61;-5.239.634,35
9311125001;Descontos do Imposto sobre a Propriedade Predial e Territorial Urbana - Principal - 27,44%;-13.952.537,54;01500702;1002;-8.201.514,87;-8.201.514,87;-50.847.440,00;-29.888.902,61;-29.888.902,61;-5.751.022,67
9311125002;Descontos do Imposto sobre a Propriedade Predial e Territorial Urbana - Multas e Juros - 47,56%;-66.584,00;01500000;;-2.505.831,31;-2.505.831,31;-140.000,00;-5.268.779,02;-5.268.779,02;2.439.247,31
9311125002;Descontos do Imposto sobre a Propriedade Predial e Territorial Urbana - Multas e Juros - 25,00%;-35.000,00;01500701;1001;-1.317.194,75;-1.317.194,75;-140.000,00;-5.268.779,02;-5.268.779,02;1.282.194,75
9311125002;Descontos do Imposto sobre a Propriedade Predial e Territorial Urbana - Multas e Juros - 27,44%;-38.416,00;01500702;1002;-1.445.752,96;-1.445.752,96;-140.000,00;-5.268.779,02;-5.268.779,02;1.407.336,96
9311125003;Descontos do Imposto sobre a Propriedade Predial e Territorial Urbana - Dívida Ativa - 47,56%;-713.400,00;01500000;;-87.072,09;-87.072,09;-1.500.000,00;-183.078,38;-183.078,38;-626.327,91
9311125003;Descontos do Imposto sobre a Propriedade Predial e Territorial Urbana - Dívida Ativa - 25,00%;-375.000,00;01500701;1001;-45.769,59;-45.769,59;-1.500.000,00;-183.078,38;-183.078,38;-329.230,41
9311125003;Descontos do Imposto sobre a Propriedade Predial e Territorial Urbana - Dívida Ativa - 27,44%;-411.600,00;01500702;1002;-50.236,70;-50.236,70;-1.500.000,00;-183.078,38;-183.078,38;-361.363,30
9311125004;Descontos do Imposto sobre a Propriedade Predial e Territorial Urbana - Dívida Ativa - Multas e Juros - 47,56%;-475.600,00;01500000;;-36.869,18;-36.869,18;-1.000.000,00;-77.521,38;-77.521,38;-438.730,82
9311125004;Descontos do Imposto sobre a Propriedade Predial e Territorial Urbana - Dívida Ativa - Multas e Juros - 25,00%;-250.000,00;01500701;1001;-19.380,34;-19.380,34;-1.000.000,00;-77.521,38;-77.521,38;-230.619,66
9311125004;Descontos do Imposto sobre a Propriedade Predial e Territorial Urbana - Dívida Ativa - Multas e Juros - 27,44%;-274.400,00;01500702;1002;-21.271,86;-21.271,86;-1.000.000,00;-77.521,38;-77.521,38;-253.128,14
9311125301;Descontos do Imposto sobre Transmissão -Inter Vivos- de Bens Imóveis e de Direitos Reais sobre Imóveis - Principal - 47,56%;-411.538,58;01500000;;0,00;0,00;-865.304,00;0,00;0,00;-411.538,58
9311125301;Descontos do Imposto sobre Transmissão -Inter Vivos- de Bens Imóveis e de Direitos Reais sobre Imóveis - Principal - 25,00%;-216.326,00;01500701;1001;0,00;0,00;-865.304,00;0,00;0,00;-216.326,00
9311125301;Descontos do Imposto sobre Transmissão -Inter Vivos- de Bens Imóveis e de Direitos Reais sobre Imóveis - Principal - 27,44%;-237.439,42;01500702;1002;0,00;0,00;-865.304,00;0,00;0,00;-237.439,42
9311125302;Descontos do Imposto sobre Transmissão -Inter Vivos- de Bens Imóveis e de Direitos Reais sobre Imóveis-Multas e Juros - 47,56%;-23.780,00;01500000;;0,00;0,00;-50.000,00;0,00;0,00;-23.780,00
9311125302;Descontos do Imposto sobre Transmissão -Inter Vivos- de Bens Imóveis e de Direitos Reais sobre Imóveis-Multas e Juros - 25,00%;-12.500,00;01500701;1001;0,00;0,00;-50.000,00;0,00;0,00;-12.500,00
9311125302;Descontos do Imposto sobre Transmissão -Inter Vivos- de Bens Imóveis e de Direitos Reais sobre Imóveis-Multas e Juros - 27,44%;-13.720,00;01500702;1002;0,00;0,00;-50.000,00;0,00;0,00;-13.720,00
9311145111;Descontos do Imposto sobre Serviços de Qualquer Natureza - ISSQN - Principal - 47,56%;-3.325.596,85;01500000;;0,00;0,00;-6.992.424,00;0,00;0,00;-3.325.596,85
9311145111;Descontos do Imposto sobre Serviços de Qualquer Natureza - ISSQN - Principal - 25,00%;-1.748.106,00;01500701;1001;0,00;0,00;-6.992.424,00;0,00;0,00;-1.748.106,00
9311145111;Descontos do Imposto sobre Serviços de Qualquer Natureza - ISSQN - Principal - 27,44%;-1.918.721,15;01500702;1002;0,00;0,00;-6.992.424,00;0,00;0,00;-1.918.721,15
9311145112;Descontos do Imposto sobre Serviços de Qualquer Natureza - ISSQN - Multas e Juros - 47,56%;-28.536,00;01500000;;-27.050,02;-27.050,02;-60.000,00;-56.875,56;-56.875,56;-1.485,98
9311145112;Descontos do Imposto sobre Serviços de Qualquer Natureza - ISSQN - Multas e Juros - 25,00%;-15.000,00;01500701;1001;-14.218,89;-14.218,89;-60.000,00;-56.875,56;-56.875,56;-781,11
9311145112;Descontos do Imposto sobre Serviços de Qualquer Natureza - ISSQN - Multas e Juros - 27,44%;-16.464,00;01500702;1002;-15.606,65;-15.606,65;-60.000,00;-56.875,56;-56.875,56;-857,35
9311145113;Descontos do Imposto sobre Serviços de Qualquer Natureza - ISSQN - Dívida Ativa - 47,56%;-4.756,00;01500000;;0,00;0,00;-10.000,00;0,00;0,00;-4.756,00
9311145113;Descontos do Imposto sobre Serviços de Qualquer Natureza - ISSQN - Dívida Ativa - 25,00%;-2.500,00;01500701;1001;0,00;0,00;-10.000,00;0,00;0,00;-2.500,00
9311145113;Descontos do Imposto sobre Serviços de Qualquer Natureza - ISSQN - Dívida Ativa - 27,44%;-2.744,00;01500702;1002;0,00;0,00;-10.000,00;0,00;0,00;-2.744,00
9311145114;Descontos do Imposto sobre Serviços de Qualquer Natureza - ISSQN - Dívida Ativa - Multas e Juros - 47,56%;-38.048,00;01500000;;-3.321,31;-3.321,31;-80.000,00;-6.983,40;-6.983,40;-34.726,69
9311145114;Descontos do Imposto sobre Serviços de Qualquer Natureza - ISSQN - Dívida Ativa - Multas e Juros - 25,00%;-20.000,00;01500701;1001;-1.745,85;-1.745,85;-80.000,00;-6.983,40;-6.983,40;-18.254,15
9311145114;Descontos do Imposto sobre Serviços de Qualquer Natureza - ISSQN - Dívida Ativa - Multas e Juros - 27,44%;-21.952,00;01500702;1002;-1.916,24;-1.916,24;-80.000,00;-6.983,40;-6.983,40;-20.035,76
9311210101;Desconto das Taxas de Inspeção, Controle e Fiscalização - Principal - 100,00%;-10.000,00;01501000;;0,00;0,00;-10.000,00;0,00;0,00;-10.000,00
9311210102;Desconto das Taxas de Inspeção, Controle e Fiscalização - Multas e Juros - 100,00%;-1.000,00;01501000;;-13.970,43;-13.970,43;-1.000,00;-13.970,43;-13.970,43;12.970,43
9311210103;Desconto das Taxas de Inspeção, Controle e Fiscalização - Dívida Ativa - 100,00%;-5.000,00;01501000;;0,00;0,00;-5.000,00;0,00;0,00;-5.000,00
9311210104;Desconto das Taxas de Inspeção, Controle e Fiscalização - Dívida Ativa - Multas e Juros - 100,00%;-2.000,00;01501000;;-12,62;-12,62;-2.000,00;-12,62;-12,62;-1.987,38
9311215001;Desconto da Taxa de Fiscalização de Vigilância Sanitária - Principal - 100,00%;-10.000,00;01501000;;0,00;0,00;-10.000,00;0,00;0,00;-10.000,00
9311215002;Desconto das Taxa de Fiscalização de Vigilância Sanitária - Multas e Juros - 100,00%;-5.000,00;01501000;;-0,60;-0,60;-5.000,00;-0,60;-0,60;-4.999,40
9311215003;Desconto das Taxa de Fiscalização de Vigilância Sanitária - Dívida Ativa - 100,00%;-5.000,00;01501000;;0,00;0,00;-5.000,00;0,00;0,00;-5.000,00
9311215004;Desconto das Taxa de Fiscalização de Vigilância Sanitária - Dívida Ativa - Multas e Juros - 100,00%;-2.000,00;01501000;;-0,55;-0,55;-2.000,00;-0,55;-0,55;-1.999,45
9311220101;Descontos de Taxas pela Prestação de Serviços em Geral - Principal - 100,00%;-750.000,00;01501000;;0,00;0,00;-750.000,00;0,00;0,00;-750.000,00
9311220102;Descontos de Taxas pela Prestação de Serviços em Geral - Multas e Juros - 100,00%;-1.000,00;01501000;;0,00;0,00;-1.000,00;0,00;0,00;-1.000,00
9311220103;Descontos de Taxas pela Prestação de Serviços em Geral- Dívida Ativa - 100,00%;-2.000,00;01501000;;0,00;0,00;-2.000,00;0,00;0,00;-2.000,00
9311220104;Descontos de Taxas pela Prestação de Serviços em Geral - Dívida Ativa - Multas e Juros - 100,00%;-900,00;01501000;;0,00;0,00;-900,00;0,00;0,00;-900,00
9311225301;Desconto da Taxa pela Prestação de Serviços de Limpeza Pública e Manejo de Resíduos Sólidos - Principal - 100,00%;-9.326.240,00;21753000;;-189.919,07;-189.919,07;-9.326.240,00;-189.919,07;-189.919,07;-9.136.320,93
9311225302;Desconto da Taxa pela Prestação de Serviços de Limpeza Pública e Manejo de Resíduos Sólidos - Multas e Juros - 100,00%;-5.000,00;21753000;;-1.275,59;-1.275,59;-5.000,00;-1.275,59;-1.275,59;-3.724,41
9311225303;Desconto da Taxa pela Prestação de Serviços de Limpeza Pública e Manejo de Resíduos Sólidos - Dívida Ativa - 100,00%;-10.000,00;21753000;;-11.062,44;-11.062,44;-10.000,00;-11.062,44;-11.062,44;1.062,44
9311225304;Desconto da Taxa pela Prestação de Serviços de Limpeza Pública e Manejo de Resíduos Sólidos - Dívida Ativa - Multas e Juros - 100,00%;-80.000,00;21753000;;-5.447,24;-5.447,24;-80.000,00;-5.447,24;-5.447,24;-74.552,76
9312410000;Desconto da Contribuição para o Custeio do Serviço de Iluminação Pública;0,00;;;0,00;0,00;-21.196,00;-3.270,57;-3.270,57;-17.925,43
9312415001;Desconto da Contribuição para o Custeio do Serviço de Iluminação Pública - Principal - 30,00%;-6.358,80;01501000;;-716,97;-716,97;-21.196,00;-2.389,91;-2.389,91;-5.641,83
9312415001;Desconto da Contribuição para o Custeio do Serviço de Iluminação Pública - Principal - 70,00%;-14.837,20;21751000;;-1.672,94;-1.672,94;-21.196,00;-2.389,91;-2.389,91;-13.164,26
9312415002;Desconto da Contribuição para o Custeio do Serviço de Iluminação Pública - Multa e Juros - 30,00%;0,00;01501000;;0,00;0,00;0,00;0,00;0,00;0,00
9312415002;Desconto da Contribuição para o Custeio do Serviço de Iluminação Pública - Multa e Juros - 70,00%;0,00;21751000;;0,00;0,00;0,00;0,00;0,00;0,00
9312415003;Desconto da Contribuição para o Custeio do Serviço de Iluminação Pública -Dívida Ativa - 30,00%;0,00;01501000;;-119,10;-119,10;0,00;-397,03;-397,03;119,10
9312415003;Desconto da Contribuição para o Custeio do Serviço de Iluminação Pública -Dívida Ativa - 70,00%;0,00;21751000;;-277,93;-277,93;0,00;-397,03;-397,03;277,93
9312415004;Desconto da Contribuição para o Custeio do Serviço de Iluminação Pública - Dívida Ativa - Multa e Juros - 30,00%;0,00;01501000;;-145,08;-145,08;0,00;-483,63;-483,63;145,08
9312415004;Desconto da Contribuição para o Custeio do Serviço de Iluminação Pública - Dívida Ativa - Multa e Juros - 70,00%;0,00;21751000;;-338,55;-338,55;0,00;-483,63;-483,63;338,55
9319110000;Descontos Multas Administrativas, Contratuais e Judiciais;0,00;;;0,00;0,00;0,00;-44.401,44;-44.401,44;44.401,44
9319110100;Descontos Multas Previstas em Legislação Específica;0,00;;;0,00;0,00;0,00;-44.401,44;-44.401,44;44.401,44
9319110101;Descontos Multas Previstas em Legislação Específica - Principal - 100,00%;0,00;01501000;;-42.997,38;-42.997,38;0,00;-42.997,38;-42.997,38;42.997,38
9319110102;Descontos Multas Previstas em Legislação Específica - Multas e Juros - 100,00%;0,00;01501000;;-1.404,06;-1.404,06;0,00;-1.404,06;-1.404,06;1.404,06
9500000000;Dedução para Formação do FUNDEB;0,00;;;0,00;0,00;-181.533.251,00;-25.203.733,57;-25.203.733,57;-156.329.517,43
9517115111;Dedução de Cota-Parte do Fundo de Participação dos Municípios - Cota Mensal - Principal - 100,00%;-28.563.943,00;01500701;1001;-2.602.405,00;-2.602.405,00;-28.563.943,00;-2.602.405,00;-2.602.405,00;-25.961.538,00
9517115201;Dedução de Cota-Parte do Imposto Sobre a Propriedade Territorial Rural - Principal - 100,00%;-20.968,00;01500701;1001;-6.397,47;-6.397,47;-20.968,00;-6.397,47;-6.397,47;-14.570,53
9517215001;Dedução de Cota-Parte do ICMS - Principal - 100,00%;-118.383.456,00;01500701;1001;-9.920.807,08;-9.920.807,08;-118.383.456,00;-9.920.807,08;-9.920.807,08;-108.462.648,92
9517215101;Dedução de Cota-Parte do IPVA - Principal - 100,00%;-33.462.386,00;01500701;1001;-12.574.496,30;-12.574.496,30;-33.462.386,00;-12.574.496,30;-12.574.496,30;-20.887.889,70
9517215201;Dedução de Cota-Parte do IPI - Municípios - Principal - 100,00%;-1.102.498,00;01500701;1001;-99.627,72;-99.627,72;-1.102.498,00;-99.627,72;-99.627,72;-1.002.870,28
9900000000;Outras Deduções;0,00;;;0,00;0,00;-11.929.000,00;-193.864,57;-193.864,57;-11.735.135,43
9910000000;Outras Deduções Receitas Correntes;0,00;;;0,00;0,00;-3.000.000,00;-193.864,57;-193.864,57;-2.806.135,43
9919000000;Outras Deduções Outras Receitas Correntes;0,00;;;0,00;0,00;-3.000.000,00;-193.864,57;-193.864,57;-2.806.135,43
9919110000;Outras Deduções Multas Administrativas, Contratuais e Judiciais;0,00;;;0,00;0,00;-3.000.000,00;-167.093,93;-167.093,93;-2.832.906,07
9919110100;Outras Deduções Multas Previstas em Legislação Específica;0,00;;;0,00;0,00;-3.000.000,00;-167.093,93;-167.093,93;-2.832.906,07
9919110101;Outras Deduções de Multas Previstas em Legislação Específica - Principal - 30,00%;-900.000,00;01501000;;-51.314,03;-51.314,03;-3.000.000,00;-167.093,93;-167.093,93;-848.685,97
9919110101;Outras Deduções de Multas Previstas em Legislação Específica - Principal - 70,00%;-2.100.000,00;21752000;;-115.779,90;-115.779,90;-3.000.000,00;-167.093,93;-167.093,93;-1.984.220,10
9919990000;Outras Deduções Outras Receitas Correntes;0,00;;;0,00;0,00;0,00;-26.770,64;-26.770,64;26.770,64
9919999900;Outras Deduções Outras Receitas;0,00;;;0,00;0,00;0,00;-26.770,64;-26.770,64;26.770,64
9919999921;Outras Deduções Outras Receitas Não Arrecadadas e Não Projetadas pela RFB - Primárias - Principal - 100,00%;0,00;01501000;;-26.770,64;-26.770,64;0,00;-26.770,64;-26.770,64;26.770,64
9972150211;Outras Deduções - Contribuição Patronal - Servidor Civil Ativo - Principal - 30,73%;-2.743.881,70;81800811;1111;0,00;0,00;-8.929.000,00;0,00;0,00;-2.743.881,70
9972150211;Outras Deduções - Contribuição Patronal - Servidor Civil Ativo - Principal - 69,27%;-6.185.118,30;81801811;2111;0,00;0,00;-8.929.000,00;0,00;0,00;-6.185.118,30